symbol,header,bound,stubbed,mcp_reachable,members,mcp_members,sig
swmm_2d_boundary_edge_count,openswmm_2d.h,True,True,True,boundary_edge_count,boundary_edge_count,"int swmm_2d_boundary_edge_count(SWMM_Engine engine, int* count)"
swmm_2d_edge_get_geometry_bulk,openswmm_2d.h,True,True,False,get_edge_geometry_bulk,,"int swmm_2d_edge_get_geometry_bulk(SWMM_Engine engine, double* length, double* nx, double* ny)"
swmm_2d_force_clear_all,openswmm_2d.h,True,True,True,force_clear_all,force_clear_all,int swmm_2d_force_clear_all(SWMM_Engine engine)
swmm_2d_force_coupling_flux,openswmm_2d.h,True,True,True,force_coupling_flux,force_coupling_flux,"int swmm_2d_force_coupling_flux(SWMM_Engine engine, int idx, double value, int mode, int persist)"
swmm_2d_force_evap,openswmm_2d.h,True,True,True,force_evap,force_evap,"int swmm_2d_force_evap(SWMM_Engine engine, int idx, double value, int mode, int persist)"
swmm_2d_force_evap_uniform,openswmm_2d.h,True,True,True,force_evap_uniform,force_evap_uniform,"int swmm_2d_force_evap_uniform(SWMM_Engine engine, double value, int mode, int persist)"
swmm_2d_force_rainfall,openswmm_2d.h,True,True,True,force_rainfall,force_rainfall,"int swmm_2d_force_rainfall(SWMM_Engine engine, int idx, double value, int mode, int persist)"
swmm_2d_force_rainfall_uniform,openswmm_2d.h,True,True,True,force_rainfall_uniform,force_rainfall_uniform,"int swmm_2d_force_rainfall_uniform(SWMM_Engine engine, double value, int mode, int persist)"
swmm_2d_get_abs_tolerance,openswmm_2d.h,True,True,True,abs_tolerance,abs_tolerance,"int swmm_2d_get_abs_tolerance(SWMM_Engine engine, double* atol)"
swmm_2d_get_continuity_error,openswmm_2d.h,True,True,True,continuity_error;get_mass_balance,get_mass_balance,"int swmm_2d_get_continuity_error(SWMM_Engine engine, double* err)"
swmm_2d_get_coupling_flux,openswmm_2d.h,True,True,True,get_coupling_flux,get_coupling_flux,"int swmm_2d_get_coupling_flux(SWMM_Engine engine, int idx, double* flux)"
swmm_2d_get_coupling_fluxes_bulk,openswmm_2d.h,True,True,True,get_coupling_fluxes,get_coupling_fluxes,"int swmm_2d_get_coupling_fluxes_bulk(SWMM_Engine engine, double* fluxes)"
swmm_2d_get_cvode_last_step,openswmm_2d.h,True,True,True,cvode_last_step,cvode_last_step,"int swmm_2d_get_cvode_last_step(SWMM_Engine engine, double* h_last)"
swmm_2d_get_cvode_steps,openswmm_2d.h,True,True,True,cvode_steps,cvode_steps,"int swmm_2d_get_cvode_steps(SWMM_Engine engine, long* steps)"
swmm_2d_get_depth,openswmm_2d.h,True,True,True,get_depth,get_depth,"int swmm_2d_get_depth(SWMM_Engine engine, int idx, double* depth)"
swmm_2d_get_depths_bulk,openswmm_2d.h,True,True,True,get_depths,get_depths,"int swmm_2d_get_depths_bulk(SWMM_Engine engine, double* depths)"
swmm_2d_get_dry_depth,openswmm_2d.h,True,True,True,dry_depth,dry_depth,"int swmm_2d_get_dry_depth(SWMM_Engine engine, double* dry_depth)"
swmm_2d_get_edge_bc_cum_flux,openswmm_2d.h,True,True,True,get_edge_bc_cum_flux,get_edge_bc_cum_flux,"int swmm_2d_get_edge_bc_cum_flux(SWMM_Engine engine, int tri_idx, int edge, double* cum_flux)"
swmm_2d_get_edge_bc_flow,openswmm_2d.h,True,True,True,get_edge_bc_flow,get_edge_bc_flow,"int swmm_2d_get_edge_bc_flow(SWMM_Engine engine, int tri_idx, int edge, double* flow)"
swmm_2d_get_edge_bc_head,openswmm_2d.h,True,True,True,get_edge_bc_head,get_edge_bc_head,"int swmm_2d_get_edge_bc_head(SWMM_Engine engine, int tri_idx, int edge, double* head)"
swmm_2d_get_edge_bc_slope,openswmm_2d.h,True,True,True,get_edge_bc_slope,get_edge_bc_slope,"int swmm_2d_get_edge_bc_slope(SWMM_Engine engine, int tri_idx, int edge, double* slope)"
swmm_2d_get_edge_bc_type,openswmm_2d.h,True,True,True,get_edge_bc_type,get_edge_bc_type,"int swmm_2d_get_edge_bc_type(SWMM_Engine engine, int tri_idx, int edge, int* bc_type)"
swmm_2d_get_edge_conveyance,openswmm_2d.h,True,False,True,get_edge_conveyance,get_edge_conveyance,"int swmm_2d_get_edge_conveyance(SWMM_Engine engine, int tri, int edge, double* conveyance)"
swmm_2d_get_edge_conveyance_bulk,openswmm_2d.h,True,False,True,get_edge_conveyance_bulk,get_edge_conveyance_bulk,"int swmm_2d_get_edge_conveyance_bulk(SWMM_Engine engine, double* conveyance)"
swmm_2d_get_edge_flux_bulk,openswmm_2d.h,True,True,True,get_edge_flux_bulk,get_edge_flux_bulk,"int swmm_2d_get_edge_flux_bulk(SWMM_Engine engine, double* flux)"
swmm_2d_get_head,openswmm_2d.h,True,True,True,get_head,get_head,"int swmm_2d_get_head(SWMM_Engine engine, int idx, double* head)"
swmm_2d_get_heads_bulk,openswmm_2d.h,True,True,True,get_heads,get_heads,"int swmm_2d_get_heads_bulk(SWMM_Engine engine, double* heads)"
swmm_2d_get_mass_balance,openswmm_2d.h,True,True,True,get_mass_balance,get_mass_balance,"int swmm_2d_get_mass_balance(SWMM_Engine engine, double* init_storage, double* final_storage, double* rainfall_in, double* coupling_1d_to_2d_in, double* coupling_2d_to_1d_out, double* outfall_in, double* outfall_out, double* boundary_in, double* boundary_out, double* evap_out)"
swmm_2d_get_max_depth,openswmm_2d.h,True,True,True,max_depth,max_depth,"int swmm_2d_get_max_depth(SWMM_Engine engine, double* max_depth)"
swmm_2d_get_net_source,openswmm_2d.h,True,True,True,get_net_source,get_net_source,"int swmm_2d_get_net_source(SWMM_Engine engine, int idx, double* net_source)"
swmm_2d_get_rainfall,openswmm_2d.h,True,True,True,get_rainfall,get_rainfall,"int swmm_2d_get_rainfall(SWMM_Engine engine, int idx, double* rainfall)"
swmm_2d_get_rel_tolerance,openswmm_2d.h,True,True,True,rel_tolerance,rel_tolerance,"int swmm_2d_get_rel_tolerance(SWMM_Engine engine, double* rtol)"
swmm_2d_get_stat_max_continuity_err,openswmm_2d.h,True,True,True,get_stat_max_continuity_err,get_stat_max_continuity_err,"int swmm_2d_get_stat_max_continuity_err(SWMM_Engine engine, double* max_errs)"
swmm_2d_get_stat_max_depths,openswmm_2d.h,True,True,True,get_stat_max_depths,get_stat_max_depths,"int swmm_2d_get_stat_max_depths(SWMM_Engine engine, double* max_depths)"
swmm_2d_get_stat_max_velocities,openswmm_2d.h,True,True,True,get_stat_max_velocities,get_stat_max_velocities,"int swmm_2d_get_stat_max_velocities(SWMM_Engine engine, double* max_velocities)"
swmm_2d_get_total_exchange_flow,openswmm_2d.h,True,True,True,total_exchange_flow,total_exchange_flow,"int swmm_2d_get_total_exchange_flow(SWMM_Engine engine, double* flow)"
swmm_2d_get_total_volume,openswmm_2d.h,True,True,True,total_volume,total_volume,"int swmm_2d_get_total_volume(SWMM_Engine engine, double* volume)"
swmm_2d_is_active,openswmm_2d.h,True,True,True,is_active,is_active,"#else # ifdef _WIN32 # ifdef openswmm_engine_EXPORTS # define SWMM_ENGINE_API __declspec(dllexport) # else # define SWMM_ENGINE_API __declspec(dllimport) # endif # else # define SWMM_ENGINE_API __attribute__((visibility(""default""))) # endif #endif #ifdef __cplusplus extern ""C"" { #endif /* ========================================================================= * 2D Module Status * ========================================================================= */ /** @brief Check whether the 2D module is active for this simulation. * @param engine Engine handle. * @param active Output: 1 if 2D is active, 0 otherwise. * @returns SWMM_OK or error code. * @note Valid after SWMM_STATE_INITIALIZED. * @ingroup engine_2d */ SWMM_ENGINE_API int swmm_2d_is_active(SWMM_Engine engine, int* active)"
swmm_2d_reset_edge_conveyance,openswmm_2d.h,True,False,True,reset_edge_conveyance,reset_edge_conveyance,int swmm_2d_reset_edge_conveyance(SWMM_Engine engine)
swmm_2d_set_abs_tolerance,openswmm_2d.h,True,True,True,abs_tolerance,abs_tolerance,"int swmm_2d_set_abs_tolerance(SWMM_Engine engine, double atol)"
swmm_2d_set_dry_depth,openswmm_2d.h,True,True,True,dry_depth,dry_depth,"int swmm_2d_set_dry_depth(SWMM_Engine engine, double dry_depth)"
swmm_2d_set_edge_bc_flow,openswmm_2d.h,True,True,True,set_edge_bc_flow,set_edge_bc_flow,"int swmm_2d_set_edge_bc_flow(SWMM_Engine engine, int tri_idx, int edge, double flow)"
swmm_2d_set_edge_bc_flow_tseries_name,openswmm_2d.h,True,True,True,set_edge_bc_flow_tseries_name,set_edge_bc_flow_tseries_name,"int swmm_2d_set_edge_bc_flow_tseries_name(SWMM_Engine engine, int tri_idx, int edge, const char* name)"
swmm_2d_set_edge_bc_head,openswmm_2d.h,True,True,True,set_edge_bc_head,set_edge_bc_head,"int swmm_2d_set_edge_bc_head(SWMM_Engine engine, int tri_idx, int edge, double head)"
swmm_2d_set_edge_bc_rating_curve_name,openswmm_2d.h,True,True,True,set_edge_bc_rating_curve_name,set_edge_bc_rating_curve_name,"int swmm_2d_set_edge_bc_rating_curve_name(SWMM_Engine engine, int tri_idx, int edge, const char* name)"
swmm_2d_set_edge_bc_slope,openswmm_2d.h,True,True,True,set_edge_bc_slope,set_edge_bc_slope,"int swmm_2d_set_edge_bc_slope(SWMM_Engine engine, int tri_idx, int edge, double slope)"
swmm_2d_set_edge_bc_tseries_name,openswmm_2d.h,True,True,True,set_edge_bc_tseries_name,set_edge_bc_tseries_name,"int swmm_2d_set_edge_bc_tseries_name(SWMM_Engine engine, int tri_idx, int edge, const char* name)"
swmm_2d_set_edge_bc_type,openswmm_2d.h,True,True,True,set_edge_bc_type,set_edge_bc_type,"int swmm_2d_set_edge_bc_type(SWMM_Engine engine, int tri_idx, int edge, int bc_type)"
swmm_2d_set_edge_conveyance,openswmm_2d.h,True,False,True,set_edge_conveyance,set_edge_conveyance,"int swmm_2d_set_edge_conveyance(SWMM_Engine engine, int tri, int edge, double conveyance)"
swmm_2d_set_rel_tolerance,openswmm_2d.h,True,True,True,rel_tolerance,rel_tolerance,"int swmm_2d_set_rel_tolerance(SWMM_Engine engine, double rtol)"
swmm_2d_set_vertex_z,openswmm_2d.h,True,True,True,set_vertex_z,set_vertex_z,"int swmm_2d_set_vertex_z(SWMM_Engine engine, int idx, double z)"
swmm_2d_triangle_count,openswmm_2d.h,True,True,True,get_edge_conveyance_bulk;n_triangles,get_edge_conveyance_bulk;n_triangles,"int swmm_2d_triangle_count(SWMM_Engine engine, int* count)"
swmm_2d_triangle_coupling_count,openswmm_2d.h,True,True,True,triangle_coupling_count,triangle_coupling_count,"int swmm_2d_triangle_coupling_count(SWMM_Engine engine, int* count)"
swmm_2d_triangle_get_area,openswmm_2d.h,True,True,True,get_triangle_area,get_triangle_area,"int swmm_2d_triangle_get_area(SWMM_Engine engine, int idx, double* area)"
swmm_2d_triangle_get_centroid,openswmm_2d.h,True,True,True,get_triangle_centroid,get_triangle_centroid,"int swmm_2d_triangle_get_centroid(SWMM_Engine engine, int idx, double* cx, double* cy, double* cz)"
swmm_2d_triangle_get_coupled_node,openswmm_2d.h,True,True,True,get_triangle_coupled_node,get_triangle_coupled_node,"int swmm_2d_triangle_get_coupled_node(SWMM_Engine engine, int tri_idx, int* node_idx)"
swmm_2d_triangle_get_mannings,openswmm_2d.h,True,True,True,get_triangle_mannings,get_triangle_mannings,"int swmm_2d_triangle_get_mannings(SWMM_Engine engine, int idx, double* n)"
swmm_2d_triangle_get_neighbours,openswmm_2d.h,True,True,True,get_triangle_neighbours,get_triangle_neighbours,"int swmm_2d_triangle_get_neighbours(SWMM_Engine engine, int idx, int* n0, int* n1, int* n2)"
swmm_2d_triangle_get_vertices,openswmm_2d.h,True,True,True,get_triangle_vertices,get_triangle_vertices,"int swmm_2d_triangle_get_vertices(SWMM_Engine engine, int idx, int* v0, int* v1, int* v2)"
swmm_2d_vertex_count,openswmm_2d.h,True,True,True,n_vertices,n_vertices,"int swmm_2d_vertex_count(SWMM_Engine engine, int* count)"
swmm_2d_vertex_coupling_count,openswmm_2d.h,True,True,True,vertex_coupling_count,vertex_coupling_count,"int swmm_2d_vertex_coupling_count(SWMM_Engine engine, int* count)"
swmm_2d_vertex_get_coupled_node,openswmm_2d.h,True,True,True,get_vertex_coupled_node,get_vertex_coupled_node,"int swmm_2d_vertex_get_coupled_node(SWMM_Engine engine, int vertex_idx, int* node_idx)"
swmm_2d_vertex_get_head,openswmm_2d.h,True,True,False,get_vertex_head,,"int swmm_2d_vertex_get_head(SWMM_Engine engine, int idx, double* head)"
swmm_2d_vertex_get_heads_bulk,openswmm_2d.h,True,True,True,get_vertex_heads,get_vertex_heads,"int swmm_2d_vertex_get_heads_bulk(SWMM_Engine engine, double* heads)"
swmm_2d_vertex_get_xyz,openswmm_2d.h,True,True,False,get_vertex_xyz,,"int swmm_2d_vertex_get_xyz(SWMM_Engine engine, int idx, double* x, double* y, double* z)"
swmm_2d_vertex_get_xyz_bulk,openswmm_2d.h,True,True,True,get_vertex_coords,get_vertex_coords,"int swmm_2d_vertex_get_xyz_bulk(SWMM_Engine engine, double* x, double* y, double* z)"
swmm_aquifer_add,openswmm_subcatchments.h,True,True,True,add,add,"int swmm_aquifer_add(SWMM_Engine engine, const char* id)"
swmm_aquifer_count,openswmm_subcatchments.h,True,True,True,add,add,int swmm_aquifer_count(SWMM_Engine engine)
swmm_aquifer_get_param,openswmm_subcatchments.h,True,False,False,get_param,,"int swmm_aquifer_get_param(SWMM_Engine engine, int idx, int param, double* value)"
swmm_aquifer_id,openswmm_subcatchments.h,True,True,True,add,add,"const char* swmm_aquifer_id(SWMM_Engine engine, int idx)"
swmm_aquifer_index,openswmm_subcatchments.h,True,True,True,add,add,"int swmm_aquifer_index(SWMM_Engine engine, const char* id)"
swmm_aquifer_set_param,openswmm_subcatchments.h,True,False,False,set_param,,"int swmm_aquifer_set_param(SWMM_Engine engine, int idx, int param, double value)"
swmm_buildup_get,openswmm_quality.h,True,True,True,get_buildup,get_buildup,"int swmm_buildup_get(SWMM_Engine engine, int lu_idx, int pollut_idx, int* func_type, double* c1, double* c2, double* c3, int* normalizer)"
swmm_buildup_set,openswmm_quality.h,True,True,True,set_buildup,set_buildup,"int swmm_buildup_set(SWMM_Engine engine, int lu_idx, int pollut_idx, int func_type, double c1, double c2, double c3, int normalizer)"
swmm_climate_get_dry_only,openswmm_forcing.h,True,True,True,get_climate_dry_only,get_climate_dry_only,"int swmm_climate_get_dry_only(SWMM_Engine engine, int* flag)"
swmm_climate_get_evap_rate,openswmm_forcing.h,True,True,True,climate_evap_rate,climate_evap_rate,"int swmm_climate_get_evap_rate(SWMM_Engine engine, double* value)"
swmm_climate_get_temperature,openswmm_forcing.h,True,True,True,get_climate_temperature,get_climate_temperature,"int swmm_climate_get_temperature(SWMM_Engine engine, double* value)"
swmm_climate_get_wind_speed,openswmm_forcing.h,True,True,True,get_climate_wind_speed,get_climate_wind_speed,"int swmm_climate_get_wind_speed(SWMM_Engine engine, double* value)"
swmm_climate_set_dry_only,openswmm_forcing.h,True,True,True,climate_dry_only,climate_dry_only,"int swmm_climate_set_dry_only(SWMM_Engine engine, int flag)"
swmm_control_add_rule,openswmm_controls.h,True,True,True,append,append,"int swmm_control_add_rule(SWMM_Engine engine, const char* rule_text)"
swmm_control_clear_rules,openswmm_controls.h,True,True,True,clear,clear,int swmm_control_clear_rules(SWMM_Engine engine)
swmm_control_count,openswmm_controls.h,True,True,False,__len__,,int swmm_control_count(SWMM_Engine engine)
swmm_control_get_id,openswmm_controls.h,True,True,True,__getitem__,__getitem__,"int swmm_control_get_id(SWMM_Engine engine, int idx, char* buf, int buflen)"
swmm_control_get_rule,openswmm_controls.h,True,True,True,__getitem__,__getitem__,"int swmm_control_get_rule(SWMM_Engine engine, int idx, char* buf, int buflen)"
swmm_control_set_link_setting,openswmm_controls.h,True,True,True,set_link_setting,set_link_setting,"int swmm_control_set_link_setting(SWMM_Engine engine, int link_idx, double setting)"
swmm_control_set_link_status,openswmm_controls.h,True,True,True,set_link_status,set_link_status,"int swmm_control_set_link_status(SWMM_Engine engine, int link_idx, int status)"
swmm_control_validate_rule,openswmm_controls.h,True,True,False,validate_message,,"int swmm_control_validate_rule(SWMM_Engine engine, const char* rule_text, char* errbuf, int buflen, int* line_out)"
swmm_conversion_result_free,openswmm_edit.h,True,True,False,__repr__,,void swmm_conversion_result_free(SWMM_ConversionResult* result)
swmm_curve_add,openswmm_tables.h,True,True,True,add_curve,add_curve,"int swmm_curve_add(SWMM_Engine engine, const char* id, int type)"
swmm_datetime_add_seconds,openswmm_datetime.h,True,True,False,add_seconds,,"int swmm_datetime_add_seconds(double value, double seconds, double* out)"
swmm_datetime_decode_date,openswmm_datetime.h,True,True,False,decode_date,,"int swmm_datetime_decode_date(double value, int* year, int* month, int* day)"
swmm_datetime_decode_time,openswmm_datetime.h,True,True,False,decode_time,,"int swmm_datetime_decode_time(double value, int* hour, int* minute, int* second)"
swmm_datetime_encode_date,openswmm_datetime.h,True,True,False,encode_date,,"int swmm_datetime_encode_date(int year, int month, int day, double* out)"
swmm_datetime_encode_time,openswmm_datetime.h,True,True,False,encode_time,,"int swmm_datetime_encode_time(int hour, int minute, int second, double* out)"
swmm_datetime_time_diff,openswmm_datetime.h,True,True,False,time_diff,,"int swmm_datetime_time_diff(double value1, double value2, long* out)"
swmm_dwf_add,openswmm_inflows.h,True,True,True,add_dwf,add_dwf,"int swmm_dwf_add(SWMM_Engine engine, int node_idx, const char* constituent, double avg_value, const char* pat1, const char* pat2, const char* pat3, const char* pat4)"
swmm_dwf_count,openswmm_inflows.h,True,False,True,dwf_count,dwf_count,int swmm_dwf_count(SWMM_Engine engine)
swmm_dwf_get,openswmm_inflows.h,True,True,False,get_dwf,,"int swmm_dwf_get(SWMM_Engine engine, int entry_idx, int* node_idx, char* constituent_buf, int constituent_buflen, double* avg_value, char* pat1_buf, int pat1_buflen, char* pat2_buf, int pat2_buflen, char* pat3_buf, int pat3_buflen, char* pat4_buf, int pat4_buflen)"
swmm_dwf_remove,openswmm_inflows.h,True,True,False,remove_dwf,,"int swmm_dwf_remove(SWMM_Engine engine, int entry_idx)"
swmm_dwf_set_baseline,openswmm_inflows.h,True,True,False,set_dwf_baseline,,"int swmm_dwf_set_baseline(SWMM_Engine engine, int entry_idx, double avg_value)"
swmm_engine_close,openswmm_engine.h,True,True,True,close,close,int swmm_engine_close(SWMM_Engine engine)
swmm_engine_create,openswmm_engine.h,True,True,False,create,,"export macro * * Domain-specific APIs are in separate headers: * - openswmm_datetime.h — SWMM DateTime encode/decode utilities * - openswmm_model.h — model building, validation, serialisation, options, user flags * - openswmm_nodes.h — node creation, properties, state, forcing, bulk * - openswmm_links.h — link creation, properties, cross-sections, state, bulk * - openswmm_subcatchments.h — subcatchment creation, properties, state, bulk * - openswmm_gages.h — rain gage creation, properties, rainfall * - openswmm_massbalance.h — continuity errors and flux totals * - openswmm_hotstart.h — hot start file management * - openswmm_callbacks.h — callback typedefs * * Including this header pulls in ALL of the above (master include). * To use a single domain, include just that domain header. * * @section engine_api_lifecycle Lifecycle * * @code * CREATED → OPENED → INITIALIZED → STARTED → [RUNNING] → ENDED → CLOSED * @endcode * * Programmatic model building (no .inp): * @code * [BUILDING] → INITIALIZED → STARTED → [RUNNING] → ENDED → CLOSED * @endcode * * Typical usage: * @code{.c} * #include <openswmm/engine/openswmm_engine.h> * * SWMM_Engine e = swmm_engine_create()"
swmm_engine_destroy,openswmm_engine.h,True,True,True,destroy,destroy,void swmm_engine_destroy(SWMM_Engine engine)
swmm_engine_end,openswmm_engine.h,True,True,True,end,end,int swmm_engine_end(SWMM_Engine engine)
swmm_engine_get_state,openswmm_engine.h,True,True,True,state,state,"int swmm_engine_get_state(SWMM_Engine engine, int* state)"
swmm_engine_initialize,openswmm_engine.h,True,True,True,initialize,initialize,int swmm_engine_initialize(SWMM_Engine engine)
swmm_engine_new,openswmm_model.h,True,True,True,__init__,__init__,SWMM_Engine swmm_engine_new(void)
swmm_engine_open,openswmm_engine.h,True,True,True,open,open,"int swmm_engine_open(SWMM_Engine engine, const char* inp, const char* rpt, const char* out, const char* input_plugin_lib)"
swmm_engine_report,openswmm_engine.h,True,True,True,report,report,int swmm_engine_report(SWMM_Engine engine)
swmm_engine_run,openswmm_engine.h,True,True,True,run;run_with_callback,run,"int swmm_engine_run(const char* inp, const char* rpt, const char* out, const char* input_plugin_lib)"
swmm_engine_run_with_callback,openswmm_engine.h,True,True,False,run_with_callback,,"int swmm_engine_run_with_callback( const char* inp, const char* rpt, const char* out, const char* input_plugin_lib, SWMM_ProgressCallback callback, void* user_data)"
swmm_engine_start,openswmm_engine.h,True,True,True,start,start,"int swmm_engine_start(SWMM_Engine engine, int save_results)"
swmm_engine_step,openswmm_engine.h,True,True,True,step;steps;until,step;steps;until,"int swmm_engine_step(SWMM_Engine engine, double* elapsed_time)"
swmm_engine_stride,openswmm_engine.h,True,True,True,stride,stride,"int swmm_engine_stride(SWMM_Engine engine, int n_steps, double* elapsed_time)"
swmm_error_message,openswmm_engine.h,True,False,False,,,const char* swmm_error_message (int code)
swmm_events_add,openswmm_engine.h,True,True,True,append,append,"int swmm_events_add(SWMM_Engine engine, double start, double end, int* out_idx)"
swmm_events_clear,openswmm_engine.h,True,True,True,clear,clear,int swmm_events_clear(SWMM_Engine engine)
swmm_events_count,openswmm_engine.h,True,False,False,_count,,"int swmm_events_count(SWMM_Engine engine, int* count)"
swmm_events_get,openswmm_engine.h,True,True,True,__getitem__,__getitem__,"int swmm_events_get(SWMM_Engine engine, int idx, double* start, double* end)"
swmm_events_remove,openswmm_engine.h,True,True,False,__delitem__,,"int swmm_events_remove(SWMM_Engine engine, int idx)"
swmm_events_set,openswmm_engine.h,True,True,True,__setitem__,__setitem__,"int swmm_events_set(SWMM_Engine engine, int idx, double start, double end)"
swmm_ext_inflow_add,openswmm_inflows.h,True,True,True,add_external,add_external,"int swmm_ext_inflow_add(SWMM_Engine engine, int node_idx, const char* constituent, const char* ts_name, const char* type, double m_factor, double s_factor, double baseline, const char* pattern)"
swmm_ext_inflow_count,openswmm_inflows.h,True,False,True,external_count,external_count,int swmm_ext_inflow_count(SWMM_Engine engine)
swmm_ext_inflow_get,openswmm_inflows.h,True,True,False,get_external,,"int swmm_ext_inflow_get(SWMM_Engine engine, int entry_idx, int* node_idx, char* constituent_buf, int constituent_buflen, char* ts_buf, int ts_buflen, char* type_buf, int type_buflen, double* m_factor, double* s_factor, double* baseline, char* pattern_buf, int pattern_buflen)"
swmm_ext_inflow_remove,openswmm_inflows.h,True,True,False,remove_external,,"int swmm_ext_inflow_remove(SWMM_Engine engine, int entry_idx)"
swmm_ext_inflow_set_baseline,openswmm_inflows.h,True,True,False,set_external_baseline,,"int swmm_ext_inflow_set_baseline(SWMM_Engine engine, int entry_idx, double baseline)"
swmm_ext_inflow_set_scale,openswmm_inflows.h,True,True,False,set_external_scale,,"int swmm_ext_inflow_set_scale(SWMM_Engine engine, int entry_idx, double scale)"
swmm_file_path_get,openswmm_model.h,True,True,True,get_file_path,get_file_path,"int swmm_file_path_get(SWMM_Engine engine, SWMM_FilePathRole role, const char* owner, char* absolute_buf, int absolute_buflen, char* original_buf, int original_buflen)"
swmm_file_path_set,openswmm_model.h,True,True,True,set_file_path,set_file_path,"int swmm_file_path_set(SWMM_Engine engine, SWMM_FilePathRole role, const char* owner, const char* new_path)"
swmm_files_get,openswmm_model.h,True,True,True,files_get,files_get,"int swmm_files_get(SWMM_Engine engine, const char* key, char* buf, int buflen)"
swmm_files_set,openswmm_model.h,True,True,True,files_set,files_set,"int swmm_files_set(SWMM_Engine engine, const char* key, const char* value)"
swmm_finalize_model,openswmm_model.h,True,True,True,finalize,finalize,int swmm_finalize_model(SWMM_Engine engine)
swmm_forcing_clear,openswmm_forcing.h,True,True,True,clear,clear,"int swmm_forcing_clear(SWMM_Engine engine, int type, int idx)"
swmm_forcing_clear_all,openswmm_forcing.h,True,True,True,clear_all,clear_all,int swmm_forcing_clear_all(SWMM_Engine engine)
swmm_forcing_climate_evap,openswmm_forcing.h,True,True,True,climate_evap,climate_evap,"int swmm_forcing_climate_evap( SWMM_Engine engine, double value, int mode, int persist)"
swmm_forcing_climate_temperature,openswmm_forcing.h,True,True,True,climate_temperature,climate_temperature,"int swmm_forcing_climate_temperature( SWMM_Engine engine, double value, int mode, int persist)"
swmm_forcing_climate_wind,openswmm_forcing.h,True,True,True,climate_wind,climate_wind,"int swmm_forcing_climate_wind( SWMM_Engine engine, double value, int mode, int persist)"
swmm_forcing_gage_rainfall,openswmm_forcing.h,True,True,True,gage_rainfall,gage_rainfall,"int swmm_forcing_gage_rainfall( SWMM_Engine engine, int idx, double value, int mode, int persist)"
swmm_forcing_link_flow,openswmm_forcing.h,True,True,True,link_flow,link_flow,"int swmm_forcing_link_flow( SWMM_Engine engine, int idx, double value, int mode, int persist)"
swmm_forcing_link_quality,openswmm_forcing.h,True,True,False,link_quality,,"int swmm_forcing_link_quality( SWMM_Engine engine, int link_idx, int pollutant_idx, double value, int mode, int persist)"
swmm_forcing_link_setting,openswmm_forcing.h,True,True,True,link_setting,link_setting,"int swmm_forcing_link_setting( SWMM_Engine engine, int idx, double value, int mode, int persist)"
swmm_forcing_node_head_boundary,openswmm_forcing.h,True,True,True,node_head_boundary,node_head_boundary,"int swmm_forcing_node_head_boundary( SWMM_Engine engine, int idx, double value, int mode, int persist)"
swmm_forcing_node_lat_inflow,openswmm_forcing.h,True,True,True,node_lat_inflow,node_lat_inflow,"#else # ifdef _WIN32 # ifdef openswmm_engine_EXPORTS # define SWMM_ENGINE_API __declspec(dllexport) # else # define SWMM_ENGINE_API __declspec(dllimport) # endif # else # define SWMM_ENGINE_API __attribute__((visibility(""default""))) # endif #endif #ifdef __cplusplus extern ""C"" { #endif /* ========================================================================= * Enumerations * ========================================================================= */ /** @brief How the forcing value is applied relative to the computed value. */ typedef enum SWMM_ForcingMode { SWMM_FORCING_NONE = 0, /**< No forcing — use model-computed value. */ SWMM_FORCING_OVERRIDE = 1, /**< Replace computed value with user value. */ SWMM_FORCING_ADD = 2 /**< Add user value to computed value. */ } SWMM_ForcingMode; /** @brief Whether the forcing persists across timesteps. */ typedef enum SWMM_ForcingPersist { SWMM_FORCING_RESET = 0, /**< Auto-clear after each timestep. */ SWMM_FORCING_PERSIST = 1 /**< Keep until explicitly cleared. */ } SWMM_ForcingPersist; /** @brief Forcing channel identifier (for targeted clear). */ typedef enum SWMM_ForcingType { SWMM_FORCE_NODE_LAT_INFLOW = 0, SWMM_FORCE_NODE_HEAD_BOUNDARY = 1, SWMM_FORCE_NODE_QUALITY = 2, SWMM_FORCE_LINK_FLOW = 3, SWMM_FORCE_LINK_SETTING = 4, SWMM_FORCE_SUBCATCH_RAINFALL = 5, SWMM_FORCE_SUBCATCH_EVAP = 6, SWMM_FORCE_GAGE_RAINFALL = 7, SWMM_FORCE_CLIMATE_TEMPERATURE = 8, /**< System-wide; idx ignored. */ SWMM_FORCE_CLIMATE_WIND = 9, /**< System-wide; idx ignored. */ SWMM_FORCE_SUBCATCH_SNOWFALL = 10, SWMM_FORCE_CLIMATE_EVAP = 11, /**< System-wide; idx ignored. */ SWMM_FORCE_LINK_QUALITY = 12 } SWMM_ForcingType; /* ========================================================================= * Node forcing * ========================================================================= */ /** * @brief Force a lateral inflow at a node. * * @param engine Engine handle. * @param idx Node index. * @param value Lateral inflow rate (CFS for US, CMS for SI). * @param mode SWMM_FORCING_OVERRIDE or SWMM_FORCING_ADD. * @param persist SWMM_FORCING_RESET or SWMM_FORCING_PERSIST. * @returns SWMM_OK or error code. * @ingroup engine_forcing */ SWMM_ENGINE_API int swmm_forcing_node_lat_inflow( SWMM_Engine engine, int idx, double value, int mode, int persist)"
swmm_forcing_node_quality,openswmm_forcing.h,True,True,True,node_quality,node_quality,"int swmm_forcing_node_quality( SWMM_Engine engine, int node_idx, int pollutant_idx, double mass_rate, int mode, int persist)"
swmm_forcing_subcatch_evap,openswmm_forcing.h,True,True,True,subcatchment_evap,subcatchment_evap,"int swmm_forcing_subcatch_evap( SWMM_Engine engine, int idx, double value, int mode, int persist)"
swmm_forcing_subcatch_rainfall,openswmm_forcing.h,True,True,True,subcatchment_rainfall,subcatchment_rainfall,"int swmm_forcing_subcatch_rainfall( SWMM_Engine engine, int idx, double value, int mode, int persist)"
swmm_forcing_subcatch_snowfall,openswmm_forcing.h,True,True,True,subcatchment_snowfall,subcatchment_snowfall,"int swmm_forcing_subcatch_snowfall( SWMM_Engine engine, int idx, double value, int mode, int persist)"
swmm_gage_add,openswmm_gages.h,True,True,True,add;add_gage,add;add_gage,"int swmm_gage_add(SWMM_Engine engine, const char* id)"
swmm_gage_analyze_impact,openswmm_edit.h,True,True,True,analyze_gage_impact,analyze_gage_impact,"int swmm_gage_analyze_impact( SWMM_Engine engine, int idx, SWMM_ImpactReport* report_out)"
swmm_gage_count,openswmm_gages.h,True,True,True,__iter__;__len__;gage;gage_count;rainfalls,gage;gage_count,int swmm_gage_count(SWMM_Engine engine)
swmm_gage_delete,openswmm_edit.h,True,True,True,delete_gage,delete_gage,"int swmm_gage_delete( SWMM_Engine engine, int idx, SWMM_ImpactReport* cascade_out)"
swmm_gage_get_data_source,openswmm_gages.h,True,False,True,data_source,data_source,"int swmm_gage_get_data_source(SWMM_Engine engine, int idx, int* source)"
swmm_gage_get_rain_type,openswmm_gages.h,True,False,True,rain_type,rain_type,"int swmm_gage_get_rain_type(SWMM_Engine engine, int idx, int* type)"
swmm_gage_get_rainfall,openswmm_gages.h,True,False,True,rainfall,rainfall,"int swmm_gage_get_rainfall(SWMM_Engine engine, int idx, double* rainfall)"
swmm_gage_get_rainfall_bulk,openswmm_gages.h,True,False,False,rainfalls,,"int swmm_gage_get_rainfall_bulk(SWMM_Engine engine, double* buf, int count)"
swmm_gage_get_scale_factor,openswmm_gages.h,True,False,False,scale_factor,,"int swmm_gage_get_scale_factor(SWMM_Engine engine, int idx, double* factor)"
swmm_gage_id,openswmm_gages.h,True,True,True,__init__;get_id;id,__init__;get_id;id,"const char* swmm_gage_id(SWMM_Engine engine, int idx)"
swmm_gage_index,openswmm_gages.h,True,True,True,__init__;add;gage;get_index,__init__;add;gage;get_index,"int swmm_gage_index(SWMM_Engine engine, const char* id)"
swmm_gage_rename,openswmm_gages.h,True,True,True,rename,rename,"int swmm_gage_rename(SWMM_Engine engine, int idx, const char* newId)"
swmm_gage_set_data_source,openswmm_gages.h,True,False,True,data_source,data_source,"int swmm_gage_set_data_source(SWMM_Engine engine, int idx, int source)"
swmm_gage_set_filename,openswmm_gages.h,True,True,True,set_file,set_file,"int swmm_gage_set_filename(SWMM_Engine engine, int idx, const char* path, const char* station_id)"
swmm_gage_set_rain_interval,openswmm_gages.h,True,True,True,set_rain_interval,set_rain_interval,"int swmm_gage_set_rain_interval(SWMM_Engine engine, int idx, double seconds)"
swmm_gage_set_rain_type,openswmm_gages.h,True,False,True,rain_type,rain_type,"int swmm_gage_set_rain_type(SWMM_Engine engine, int idx, int type)"
swmm_gage_set_rainfall,openswmm_gages.h,True,False,True,rainfall,rainfall,"int swmm_gage_set_rainfall(SWMM_Engine engine, int idx, double rainfall)"
swmm_gage_set_scale_factor,openswmm_gages.h,True,False,False,scale_factor,,"int swmm_gage_set_scale_factor(SWMM_Engine engine, int idx, double factor)"
swmm_gage_set_timeseries,openswmm_gages.h,True,True,True,set_timeseries,set_timeseries,"int swmm_gage_set_timeseries(SWMM_Engine engine, int idx, const char* ts_id)"
swmm_get_crs,openswmm_model.h,True,True,True,crs;get_crs,crs;get_crs,"int swmm_get_crs(SWMM_Engine engine, char* buf, int buflen)"
swmm_get_current_time,openswmm_engine.h,True,True,True,current_datetime,current_datetime,"int swmm_get_current_time(SWMM_Engine engine, double* current)"
swmm_get_end_time,openswmm_engine.h,True,True,True,sim_end_time,sim_end_time,"int swmm_get_end_time (SWMM_Engine engine, double* end)"
swmm_get_event_count,openswmm_engine.h,True,True,True,event_count,event_count,"int swmm_get_event_count(SWMM_Engine engine, int* count)"
swmm_get_flow_units,openswmm_engine.h,True,True,True,flow_units,flow_units,"int swmm_get_flow_units(SWMM_Engine engine, int* flow_units)"
swmm_get_last_error,openswmm_engine.h,True,False,False,,,int swmm_get_last_error (SWMM_Engine engine)
swmm_get_last_error_msg,openswmm_engine.h,True,False,False,,,const char* swmm_get_last_error_msg(SWMM_Engine engine)
swmm_get_max_courant,openswmm_massbalance.h,True,False,True,max_courant,max_courant,"int swmm_get_max_courant(SWMM_Engine engine, double* max_courant)"
swmm_get_quality_continuity_error,openswmm_massbalance.h,True,True,True,quality_continuity_error,quality_continuity_error,"int swmm_get_quality_continuity_error(SWMM_Engine engine, int pollutant_idx, double* error)"
swmm_get_quality_evap_loss,openswmm_massbalance.h,True,True,False,quality_evap_loss,,"int swmm_get_quality_evap_loss(SWMM_Engine engine, int pollutant_idx, double* mass)"
swmm_get_quality_seep_loss,openswmm_massbalance.h,True,True,False,quality_seep_loss,,"int swmm_get_quality_seep_loss(SWMM_Engine engine, int pollutant_idx, double* mass)"
swmm_get_routing_continuity_error,openswmm_massbalance.h,True,False,True,routing_continuity_error,routing_continuity_error,"int swmm_get_routing_continuity_error(SWMM_Engine engine, double* error)"
swmm_get_routing_stats,openswmm_massbalance.h,True,False,True,routing_diagnostics,routing_diagnostics,"int swmm_get_routing_stats(SWMM_Engine engine, double* avg_step, double* min_step, double* max_step, int* n_steps, double* pct_non_converged, double* avg_iterations, double* max_courant)"
swmm_get_routing_step,openswmm_engine.h,True,True,True,routing_step,routing_step,"int swmm_get_routing_step(SWMM_Engine engine, double* dt)"
swmm_get_routing_total,openswmm_massbalance.h,True,True,True,routing_total,routing_total,"int swmm_get_routing_total(SWMM_Engine engine, int component, double* volume)"
swmm_get_runoff_continuity_error,openswmm_massbalance.h,True,False,True,runoff_continuity_error,runoff_continuity_error,"int swmm_get_runoff_continuity_error (SWMM_Engine engine, double* error)"
swmm_get_runoff_total,openswmm_massbalance.h,True,True,True,runoff_total,runoff_total,"int swmm_get_runoff_total (SWMM_Engine engine, int component, double* volume)"
swmm_get_start_time,openswmm_engine.h,True,True,True,sim_start_time,sim_start_time,"int swmm_get_start_time (SWMM_Engine engine, double* start)"
swmm_get_steady_state_skip,openswmm_engine.h,True,True,True,steady_state_skip,steady_state_skip,"int swmm_get_steady_state_skip(SWMM_Engine engine, int* enabled)"
swmm_get_unit_system,openswmm_engine.h,True,True,True,unit_system,unit_system,"int swmm_get_unit_system(SWMM_Engine engine, int* unit_system)"
swmm_gpkg_begin,openswmm_geopackage.h,True,True,True,begin,begin,int swmm_gpkg_begin(SWMM_Gpkg gpkg)
swmm_gpkg_close,openswmm_geopackage.h,True,True,True,__dealloc__;close,close,void swmm_gpkg_close(SWMM_Gpkg gpkg)
swmm_gpkg_commit,openswmm_geopackage.h,True,True,True,commit,commit,int swmm_gpkg_commit(SWMM_Gpkg gpkg)
swmm_gpkg_create_observed_series,openswmm_geopackage.h,True,True,True,create_observed_series,create_observed_series,"int swmm_gpkg_create_observed_series(SWMM_Gpkg gpkg, const char* name, const char* variable_name, const char* object_type, const char* object_id, const char* source, const char* units)"
swmm_gpkg_gage_count,openswmm_geopackage.h,True,True,True,object_counts,object_counts,"int swmm_gpkg_gage_count(SWMM_Gpkg gpkg, const char* simulation_id)"
swmm_gpkg_is_registered,openswmm_geopackage.h,True,True,False,is_registered,,int swmm_gpkg_is_registered(void)
swmm_gpkg_last_error,openswmm_geopackage.h,True,True,False,last_error,,const char* swmm_gpkg_last_error(SWMM_Gpkg gpkg)
swmm_gpkg_link_count,openswmm_geopackage.h,True,True,True,object_counts,object_counts,"int swmm_gpkg_link_count(SWMM_Gpkg gpkg, const char* simulation_id)"
swmm_gpkg_node_count,openswmm_geopackage.h,True,True,True,object_counts,object_counts,"int swmm_gpkg_node_count(SWMM_Gpkg gpkg, const char* simulation_id)"
swmm_gpkg_observed_series_count,openswmm_geopackage.h,True,True,True,observed_series_count,observed_series_count,int swmm_gpkg_observed_series_count(SWMM_Gpkg gpkg)
swmm_gpkg_observed_value_count,openswmm_geopackage.h,True,True,True,observed_value_count;read_observed_values,read_observed_values,"int swmm_gpkg_observed_value_count(SWMM_Gpkg gpkg, int series_id)"
swmm_gpkg_open,openswmm_geopackage.h,True,False,False,__cinit__,,SWMM_Gpkg swmm_gpkg_open(const char* path)
swmm_gpkg_query_double,openswmm_geopackage.h,True,True,False,query_double,,"int swmm_gpkg_query_double(SWMM_Gpkg gpkg, const char* sql, double* result)"
swmm_gpkg_query_int,openswmm_geopackage.h,True,True,False,query_int,,"int swmm_gpkg_query_int(SWMM_Gpkg gpkg, const char* sql)"
swmm_gpkg_read_observed_values,openswmm_geopackage.h,True,True,True,read_observed_values,read_observed_values,"int swmm_gpkg_read_observed_values(SWMM_Gpkg gpkg, int series_id, char* timestamps, int ts_buf_len, double* values, int max_count)"
swmm_gpkg_read_result_ts,openswmm_geopackage.h,True,True,True,read_result_ts,read_result_ts,"int swmm_gpkg_read_result_ts(SWMM_Gpkg gpkg, const char* simulation_id, const char* object_type, const char* object_id, const char* variable_name, double* times, double* values, int max_count)"
swmm_gpkg_read_summary,openswmm_geopackage.h,True,True,True,read_summary,read_summary,"int swmm_gpkg_read_summary(SWMM_Gpkg gpkg, const char* simulation_id, const char* object_type, const char* object_id, const char* variable_name, double* value)"
swmm_gpkg_register,openswmm_geopackage.h,True,True,False,register,,"int swmm_gpkg_register(const char* license_key, const char* organization, const char* contact_email, const char* deployment_id)"
swmm_gpkg_result_ts_count,openswmm_geopackage.h,True,True,True,read_result_ts;result_ts_count,read_result_ts,"int swmm_gpkg_result_ts_count(SWMM_Gpkg gpkg, const char* simulation_id, const char* object_type, const char* object_id, const char* variable_name)"
swmm_gpkg_rollback,openswmm_geopackage.h,True,True,True,rollback,rollback,int swmm_gpkg_rollback(SWMM_Gpkg gpkg)
swmm_gpkg_simulation_count,openswmm_geopackage.h,True,True,True,simulation_count;simulation_ids,simulation_count;simulation_ids,int swmm_gpkg_simulation_count(SWMM_Gpkg gpkg)
swmm_gpkg_simulation_id,openswmm_geopackage.h,True,True,True,simulation_ids,simulation_ids,"int swmm_gpkg_simulation_id(SWMM_Gpkg gpkg, int index, char* buf, int bufsz)"
swmm_gpkg_subcatch_count,openswmm_geopackage.h,True,True,True,object_counts,object_counts,"int swmm_gpkg_subcatch_count(SWMM_Gpkg gpkg, const char* simulation_id)"
swmm_gpkg_topology_edge_count,openswmm_geopackage.h,True,True,False,topology_edge_count,,"int swmm_gpkg_topology_edge_count(SWMM_Gpkg gpkg, const char* simulation_id)"
swmm_gpkg_variable_count,openswmm_geopackage.h,True,True,True,variable_count,variable_count,int swmm_gpkg_variable_count(SWMM_Gpkg gpkg)
swmm_gpkg_write_observed_value,openswmm_geopackage.h,True,True,False,write_observed_value,,"int swmm_gpkg_write_observed_value(SWMM_Gpkg gpkg, int series_id, const char* timestamp, double value, const char* quality_flag)"
swmm_gpkg_write_observed_values,openswmm_geopackage.h,True,True,True,write_observed_values,write_observed_values,"int swmm_gpkg_write_observed_values(SWMM_Gpkg gpkg, int series_id, const char** timestamps, const double* values, const char** quality_flags, int count)"
swmm_hotstart_apply,openswmm_hotstart.h,True,True,True,apply,apply,"int swmm_hotstart_apply(SWMM_Engine engine, SWMM_HotStart hs)"
swmm_hotstart_close,openswmm_hotstart.h,True,True,True,__dealloc__;close,close,int swmm_hotstart_close(SWMM_HotStart hs)
swmm_hotstart_get_crs,openswmm_hotstart.h,True,True,True,crs,crs,"int swmm_hotstart_get_crs(SWMM_HotStart hs, char* buf, int buflen)"
swmm_hotstart_get_sim_time,openswmm_hotstart.h,True,False,False,sim_datetime,,"int swmm_hotstart_get_sim_time(SWMM_HotStart hs, double* sim_time)"
swmm_hotstart_link_count,openswmm_hotstart.h,True,True,True,link_count,link_count,int swmm_hotstart_link_count(SWMM_HotStart hs)
swmm_hotstart_node_count,openswmm_hotstart.h,True,True,True,node_count,node_count,int swmm_hotstart_node_count(SWMM_HotStart hs)
swmm_hotstart_open,openswmm_hotstart.h,True,True,True,open,open,"int swmm_hotstart_open(const char* path, SWMM_HotStart* hs)"
swmm_hotstart_save,openswmm_hotstart.h,True,True,True,save_from,save_from,"int swmm_hotstart_save(SWMM_Engine engine, const char* path)"
swmm_hotstart_saves_add,openswmm_hotstart.h,True,True,True,append,append,"int swmm_hotstart_saves_add( SWMM_Engine engine, const char* path, double datetime)"
swmm_hotstart_saves_clear,openswmm_hotstart.h,True,True,True,clear,clear,int swmm_hotstart_saves_clear(SWMM_Engine engine)
swmm_hotstart_saves_count,openswmm_hotstart.h,True,True,False,__len__,,"int swmm_hotstart_saves_count(SWMM_Engine engine, int* count)"
swmm_hotstart_saves_get_datetime,openswmm_hotstart.h,True,True,True,__getitem__,__getitem__,"int swmm_hotstart_saves_get_datetime( SWMM_Engine engine, int idx, double* datetime)"
swmm_hotstart_saves_get_path,openswmm_hotstart.h,True,True,True,__getitem__,__getitem__,"int swmm_hotstart_saves_get_path( SWMM_Engine engine, int idx, char* buf, int buflen)"
swmm_hotstart_saves_remove,openswmm_hotstart.h,True,True,False,__delitem__,,"int swmm_hotstart_saves_remove(SWMM_Engine engine, int idx)"
swmm_hotstart_saves_set_datetime,openswmm_hotstart.h,True,True,True,__setitem__,__setitem__,"int swmm_hotstart_saves_set_datetime( SWMM_Engine engine, int idx, double datetime)"
swmm_hotstart_saves_set_path,openswmm_hotstart.h,True,True,True,__setitem__,__setitem__,"int swmm_hotstart_saves_set_path( SWMM_Engine engine, int idx, const char* path)"
swmm_hotstart_set_link_depth,openswmm_hotstart.h,True,True,True,set_link_depth,set_link_depth,"int swmm_hotstart_set_link_depth( SWMM_HotStart hs, const char* link_id, double depth )"
swmm_hotstart_set_link_flow,openswmm_hotstart.h,True,True,True,set_link_flow,set_link_flow,"int swmm_hotstart_set_link_flow( SWMM_HotStart hs, const char* link_id, double flow )"
swmm_hotstart_set_node_depth,openswmm_hotstart.h,True,True,True,set_node_depth,set_node_depth,"int swmm_hotstart_set_node_depth( SWMM_HotStart hs, const char* node_id, double depth )"
swmm_hotstart_set_node_head,openswmm_hotstart.h,True,True,True,set_node_head,set_node_head,"int swmm_hotstart_set_node_head( SWMM_HotStart hs, const char* node_id, double head )"
swmm_hotstart_set_subcatch_runoff,openswmm_hotstart.h,True,True,True,set_subcatchment_runoff,set_subcatchment_runoff,"int swmm_hotstart_set_subcatch_runoff( SWMM_HotStart hs, const char* subcatch_id, double runoff )"
swmm_hotstart_warning,openswmm_hotstart.h,True,False,True,warnings,warnings,"const char* swmm_hotstart_warning(SWMM_HotStart hs, int index)"
swmm_hotstart_warning_count,openswmm_hotstart.h,True,False,True,warnings,warnings,int swmm_hotstart_warning_count(SWMM_HotStart hs)
swmm_hydrograph_add,openswmm_inflows.h,True,True,True,add_hydrograph,add_hydrograph,"int swmm_hydrograph_add(SWMM_Engine engine, const char* uh_name, int month, int response, double r, double t, double k, double dmax, double drecov, double dinit)"
swmm_hydrograph_add_gage,openswmm_inflows.h,True,True,True,add_hydrograph_gage,add_hydrograph_gage,"int swmm_hydrograph_add_gage(SWMM_Engine engine, const char* uh_name, const char* gage_name)"
swmm_hydrograph_clear_group_months,openswmm_inflows.h,True,True,False,clear_hydrograph_group_months,,"int swmm_hydrograph_clear_group_months(SWMM_Engine engine, const char* uh_name)"
swmm_hydrograph_count,openswmm_inflows.h,True,False,True,hydrograph_count,hydrograph_count,int swmm_hydrograph_count(SWMM_Engine engine)
swmm_hydrograph_gage_count,openswmm_inflows.h,True,False,True,hydrograph_gage_count,hydrograph_gage_count,int swmm_hydrograph_gage_count(SWMM_Engine engine)
swmm_hydrograph_get,openswmm_inflows.h,True,True,True,get_hydrograph,get_hydrograph,"int swmm_hydrograph_get(SWMM_Engine engine, int entry_idx, char* uh_buf, int buflen, int* month, int* response, double* r, double* t, double* k, double* dmax, double* drecov, double* dinit)"
swmm_hydrograph_get_gage,openswmm_inflows.h,True,True,True,get_hydrograph_gage,get_hydrograph_gage,"int swmm_hydrograph_get_gage(SWMM_Engine engine, int entry_idx, char* uh_buf, int uh_buflen, char* gage_buf, int gage_buflen)"
swmm_hydrograph_group_count,openswmm_inflows.h,True,False,True,hydrograph_group_count,hydrograph_group_count,int swmm_hydrograph_group_count(SWMM_Engine engine)
swmm_hydrograph_group_id,openswmm_inflows.h,True,True,True,get_hydrograph_group_id,get_hydrograph_group_id,"int swmm_hydrograph_group_id(SWMM_Engine engine, int idx, char* buf, int buflen)"
swmm_hydrograph_group_rename,openswmm_inflows.h,True,True,False,rename_hydrograph_group,,"int swmm_hydrograph_group_rename(SWMM_Engine engine, int idx, const char* new_id)"
swmm_hydrograph_remove_entry,openswmm_inflows.h,True,True,False,remove_hydrograph_entry,,"int swmm_hydrograph_remove_entry(SWMM_Engine engine, const char* uh_name, int month, int response)"
swmm_hydrograph_remove_group,openswmm_inflows.h,True,True,False,remove_hydrograph_group,,"int swmm_hydrograph_remove_group(SWMM_Engine engine, const char* uh_name)"
swmm_hydrograph_set_gage,openswmm_inflows.h,True,True,False,set_hydrograph_gage,,"int swmm_hydrograph_set_gage(SWMM_Engine engine, const char* uh_name, const char* gage_name)"
swmm_hydrograph_set_ia,openswmm_inflows.h,True,True,False,set_hydrograph_ia,,"int swmm_hydrograph_set_ia(SWMM_Engine engine, const char* uh_name, int month, int response, double dmax, double drecov, double dinit)"
swmm_hydrograph_set_rtk,openswmm_inflows.h,True,True,False,set_hydrograph_rtk,,"int swmm_hydrograph_set_rtk(SWMM_Engine engine, const char* uh_name, int month, int response, double r, double t, double k)"
swmm_impact_report_free,openswmm_edit.h,True,True,False,__repr__,,void swmm_impact_report_free(SWMM_ImpactReport* report)
swmm_inlet_add,openswmm_infrastructure.h,True,True,True,add,add,"int swmm_inlet_add(SWMM_Engine engine, const char* id, const char* type)"
swmm_inlet_count,openswmm_infrastructure.h,True,True,False,__len__,,int swmm_inlet_count(SWMM_Engine engine)
swmm_inlet_id,openswmm_infrastructure.h,True,True,True,get_id,get_id,"const char* swmm_inlet_id(SWMM_Engine engine, int idx)"
swmm_inlet_index,openswmm_infrastructure.h,True,True,True,get_index,get_index,"int swmm_inlet_index(SWMM_Engine engine, const char* id)"
swmm_inlet_set_params,openswmm_infrastructure.h,True,True,True,set_params,set_params,"int swmm_inlet_set_params(SWMM_Engine engine, int idx, double length, double width, const char* grate_type, double open_area, double splash_veloc)"
swmm_is_between_events,openswmm_engine.h,True,True,True,is_between_events,is_between_events,"int swmm_is_between_events(SWMM_Engine engine, int* is_between)"
swmm_landuse_add,openswmm_quality.h,True,True,True,add,add,"int swmm_landuse_add(SWMM_Engine engine, const char* id)"
swmm_landuse_count,openswmm_quality.h,True,True,False,__iter__;__len__,,int swmm_landuse_count(SWMM_Engine engine)
swmm_landuse_get_sweep_interval,openswmm_quality.h,True,False,True,sweep_interval,sweep_interval,"int swmm_landuse_get_sweep_interval(SWMM_Engine engine, int idx, double* days)"
swmm_landuse_get_sweep_removal,openswmm_quality.h,True,False,True,sweep_removal,sweep_removal,"int swmm_landuse_get_sweep_removal(SWMM_Engine engine, int idx, double* frac)"
swmm_landuse_id,openswmm_quality.h,True,True,True,__iter__;get_id;id,get_id;id,"const char* swmm_landuse_id (SWMM_Engine engine, int idx)"
swmm_landuse_index,openswmm_quality.h,True,True,True,add;get_index,add;get_index,"int swmm_landuse_index(SWMM_Engine engine, const char* id)"
swmm_landuse_set_sweep_interval,openswmm_quality.h,True,False,True,sweep_interval,sweep_interval,"int swmm_landuse_set_sweep_interval(SWMM_Engine engine, int idx, double days)"
swmm_landuse_set_sweep_removal,openswmm_quality.h,True,False,True,sweep_removal,sweep_removal,"int swmm_landuse_set_sweep_removal(SWMM_Engine engine, int idx, double frac)"
swmm_lid_add,openswmm_infrastructure.h,True,True,True,add,add,"int swmm_lid_add(SWMM_Engine engine, const char* id, int type)"
swmm_lid_count,openswmm_infrastructure.h,True,True,False,__len__,,int swmm_lid_count(SWMM_Engine engine)
swmm_lid_id,openswmm_infrastructure.h,True,True,True,get_id,get_id,"const char* swmm_lid_id(SWMM_Engine engine, int idx)"
swmm_lid_index,openswmm_infrastructure.h,True,True,True,get_index,get_index,"int swmm_lid_index(SWMM_Engine engine, const char* id)"
swmm_lid_set_drain,openswmm_infrastructure.h,True,True,True,set_drain,set_drain,"int swmm_lid_set_drain(SWMM_Engine engine, int idx, double coeff, double expon, double offset)"
swmm_lid_set_soil,openswmm_infrastructure.h,True,True,True,set_soil,set_soil,"int swmm_lid_set_soil(SWMM_Engine engine, int idx, double thick, double porosity, double fc, double wp, double ksat, double kslope)"
swmm_lid_set_storage,openswmm_infrastructure.h,True,True,True,set_storage,set_storage,"int swmm_lid_set_storage(SWMM_Engine engine, int idx, double thick, double void_frac, double ksat)"
swmm_lid_set_surface,openswmm_infrastructure.h,True,True,True,set_surface,set_surface,"int swmm_lid_set_surface(SWMM_Engine engine, int idx, double storage, double roughness, double slope)"
swmm_lid_usage_add,openswmm_infrastructure.h,True,True,True,usage_add,usage_add,"int swmm_lid_usage_add(SWMM_Engine engine, int subcatch_idx, int lid_idx, int number, double area, double width, double init_sat, double from_imperv)"
swmm_link_add,openswmm_links.h,True,True,True,add;add_link,add;add_link,"int swmm_link_add(SWMM_Engine engine, const char* id, int type)"
swmm_link_analyze_impact,openswmm_edit.h,True,True,True,analyze_link_impact,analyze_link_impact,"int swmm_link_analyze_impact( SWMM_Engine engine, int idx, SWMM_ImpactReport* report_out)"
swmm_link_convert,openswmm_edit.h,True,True,True,convert_link,convert_link,"int swmm_link_convert( SWMM_Engine engine, int idx, int new_type, SWMM_ConversionResult* result_out)"
swmm_link_count,openswmm_links.h,True,True,True,__iter__;__len__;_ids_list;capacities;control_settings;depths;flows;hyd_powers;link_count;link_max_filling;link_max_flow;link_max_velocity;link_surcharge_time;link_vol_flow;pump_stats;qualities;target_settings;velocities;volumes,capacities;depths;flows;hyd_powers;link_count;link_max_filling;link_max_flow;link_max_velocity;link_surcharge_time;link_vol_flow;pump_stats;qualities;velocities;volumes,int swmm_link_count(SWMM_Engine engine)
swmm_link_delete,openswmm_edit.h,True,True,True,delete_link,delete_link,"int swmm_link_delete( SWMM_Engine engine, int idx, SWMM_ImpactReport* cascade_out)"
swmm_link_get_barrels,openswmm_links.h,True,False,True,barrels,barrels,"int swmm_link_get_barrels(SWMM_Engine engine, int idx, int* n)"
swmm_link_get_capacities_bulk,openswmm_links.h,True,False,True,capacities,capacities,"int swmm_link_get_capacities_bulk(SWMM_Engine engine, double* buf, int count)"
swmm_link_get_capacity,openswmm_links.h,True,False,True,capacity,capacity,"int swmm_link_get_capacity(SWMM_Engine engine, int idx, double* capacity)"
swmm_link_get_closed,openswmm_links.h,True,False,True,closed,closed,"int swmm_link_get_closed(SWMM_Engine engine, int idx, int* closed)"
swmm_link_get_control_setting,openswmm_links.h,True,False,True,control_setting,control_setting,"int swmm_link_get_control_setting(SWMM_Engine engine, int idx, double* setting)"
swmm_link_get_control_settings_bulk,openswmm_links.h,True,False,False,control_settings,,"int swmm_link_get_control_settings_bulk(SWMM_Engine engine, double* buf, int count)"
swmm_link_get_crest_height,openswmm_links.h,True,False,True,crest_height,crest_height,"int swmm_link_get_crest_height(SWMM_Engine engine, int idx, double* h)"
swmm_link_get_culvert_code,openswmm_links.h,True,False,True,culvert_code,culvert_code,"int swmm_link_get_culvert_code(SWMM_Engine engine, int idx, int* code)"
swmm_link_get_depth,openswmm_links.h,True,False,True,depth,depth,"int swmm_link_get_depth(SWMM_Engine engine, int idx, double* depth)"
swmm_link_get_depths_bulk,openswmm_links.h,True,False,True,depths,depths,"int swmm_link_get_depths_bulk(SWMM_Engine engine, double* buf, int count)"
swmm_link_get_discharge_coeff,openswmm_links.h,True,False,True,discharge_coeff,discharge_coeff,"int swmm_link_get_discharge_coeff(SWMM_Engine engine, int idx, double* cd)"
swmm_link_get_end_contractions,openswmm_links.h,True,False,True,end_contractions,end_contractions,"int swmm_link_get_end_contractions(SWMM_Engine engine, int idx, double* n)"
swmm_link_get_flap_gate,openswmm_links.h,True,False,True,flap_gate,flap_gate,"int swmm_link_get_flap_gate(SWMM_Engine engine, int idx, int* has_gate)"
swmm_link_get_flow,openswmm_links.h,True,False,True,flow,flow,"int swmm_link_get_flow(SWMM_Engine engine, int idx, double* flow)"
swmm_link_get_flows_bulk,openswmm_links.h,True,False,True,flows,flows,"int swmm_link_get_flows_bulk(SWMM_Engine engine, double* buf, int count)"
swmm_link_get_from_node,openswmm_links.h,True,False,True,from_node,from_node,"int swmm_link_get_from_node(SWMM_Engine engine, int idx, int* node_idx)"
swmm_link_get_hyd_power,openswmm_links.h,True,False,True,hyd_power,hyd_power,"int swmm_link_get_hyd_power(SWMM_Engine engine, int idx, double* power)"
swmm_link_get_hyd_powers_bulk,openswmm_links.h,True,False,True,hyd_powers,hyd_powers,"int swmm_link_get_hyd_powers_bulk(SWMM_Engine engine, double* buf, int count)"
swmm_link_get_ids_bulk,openswmm_links.h,True,False,False,_ids_list,,"int swmm_link_get_ids_bulk(SWMM_Engine engine, char* buf, int stride, int count)"
swmm_link_get_initial_flow,openswmm_links.h,True,False,True,initial_flow,initial_flow,"int swmm_link_get_initial_flow(SWMM_Engine engine, int idx, double* flow)"
swmm_link_get_length,openswmm_links.h,True,False,True,length,length,"int swmm_link_get_length(SWMM_Engine engine, int idx, double* length)"
swmm_link_get_loss_coeff,openswmm_links.h,True,False,True,loss_coeff,loss_coeff,"int swmm_link_get_loss_coeff(SWMM_Engine engine, int idx, double* inlet, double* outlet, double* avg)"
swmm_link_get_max_flow,openswmm_links.h,True,False,True,max_flow,max_flow,"int swmm_link_get_max_flow(SWMM_Engine engine, int idx, double* flow)"
swmm_link_get_offset_dn,openswmm_links.h,True,False,True,offset_dn,offset_dn,"int swmm_link_get_offset_dn(SWMM_Engine engine, int idx, double* offset)"
swmm_link_get_offset_up,openswmm_links.h,True,False,True,offset_up,offset_up,"int swmm_link_get_offset_up(SWMM_Engine engine, int idx, double* offset)"
swmm_link_get_orifice_open_close_rate,openswmm_links.h,True,False,False,open_close_rate,,"int swmm_link_get_orifice_open_close_rate(SWMM_Engine engine, int idx, double* rate)"
swmm_link_get_orifice_type,openswmm_links.h,True,False,True,type,type,"int swmm_link_get_orifice_type(SWMM_Engine engine, int idx, int* type)"
swmm_link_get_outlet_expon,openswmm_links.h,True,False,False,expon,,"int swmm_link_get_outlet_expon(SWMM_Engine engine, int idx, double* expon)"
swmm_link_get_outlet_rating_type,openswmm_links.h,True,False,False,rating_type,,"int swmm_link_get_outlet_rating_type(SWMM_Engine engine, int idx, int* type)"
swmm_link_get_pump_curve,openswmm_links.h,True,False,True,curve,curve,"int swmm_link_get_pump_curve(SWMM_Engine engine, int idx, int* curve_idx)"
swmm_link_get_pump_init_state,openswmm_links.h,True,False,True,init_state,init_state,"int swmm_link_get_pump_init_state(SWMM_Engine engine, int idx, int* on)"
swmm_link_get_pump_shutoff_depth,openswmm_links.h,True,False,False,shutoff_depth,,"int swmm_link_get_pump_shutoff_depth(SWMM_Engine engine, int idx, double* depth)"
swmm_link_get_pump_startup_depth,openswmm_links.h,True,False,False,startup_depth,,"int swmm_link_get_pump_startup_depth(SWMM_Engine engine, int idx, double* depth)"
swmm_link_get_pump_stats_bulk,openswmm_links.h,True,True,True,pump_stats,pump_stats,"int swmm_link_get_pump_stats_bulk(SWMM_Engine engine, int* cycles, double* on_time, double* volume, int count)"
swmm_link_get_quality,openswmm_links.h,True,True,True,quality,quality,"int swmm_link_get_quality(SWMM_Engine engine, int link_idx, int pollutant_idx, double* conc)"
swmm_link_get_quality_bulk,openswmm_links.h,True,True,True,qualities,qualities,"int swmm_link_get_quality_bulk(SWMM_Engine engine, int pollutant_idx, double* buf, int count)"
swmm_link_get_roughness,openswmm_links.h,True,False,True,roughness,roughness,"int swmm_link_get_roughness(SWMM_Engine engine, int idx, double* n)"
swmm_link_get_seep_rate,openswmm_links.h,True,False,True,seep_rate,seep_rate,"int swmm_link_get_seep_rate(SWMM_Engine engine, int idx, double* rate)"
swmm_link_get_slope,openswmm_links.h,True,False,True,slope,slope,"int swmm_link_get_slope(SWMM_Engine engine, int idx, double* slope)"
swmm_link_get_stat_max_filling,openswmm_links.h,True,False,True,max_filling,max_filling,"int swmm_link_get_stat_max_filling(SWMM_Engine engine, int idx, double* val)"
swmm_link_get_stat_max_flow,openswmm_links.h,True,False,True,max_flow,max_flow,"int swmm_link_get_stat_max_flow(SWMM_Engine engine, int idx, double* val)"
swmm_link_get_stat_max_velocity,openswmm_links.h,True,False,True,max_velocity,max_velocity,"int swmm_link_get_stat_max_velocity(SWMM_Engine engine, int idx, double* val)"
swmm_link_get_stat_pump_cycles,openswmm_links.h,True,False,True,pump_cycles,pump_cycles,"int swmm_link_get_stat_pump_cycles(SWMM_Engine engine, int idx, int* cycles)"
swmm_link_get_stat_pump_on_time,openswmm_links.h,True,False,True,pump_on_time,pump_on_time,"int swmm_link_get_stat_pump_on_time(SWMM_Engine engine, int idx, double* seconds)"
swmm_link_get_stat_pump_volume,openswmm_links.h,True,False,True,pump_volume,pump_volume,"int swmm_link_get_stat_pump_volume(SWMM_Engine engine, int idx, double* volume)"
swmm_link_get_stat_surcharge_time,openswmm_links.h,True,False,True,surcharge_time,surcharge_time,"int swmm_link_get_stat_surcharge_time(SWMM_Engine engine, int idx, double* val)"
swmm_link_get_stat_vol_flow,openswmm_links.h,True,False,True,vol_flow,vol_flow,"int swmm_link_get_stat_vol_flow(SWMM_Engine engine, int idx, double* val)"
swmm_link_get_tag,openswmm_links.h,True,False,False,tag,,"int swmm_link_get_tag(SWMM_Engine engine, int idx, char* buf, int buflen)"
swmm_link_get_target_setting,openswmm_links.h,True,False,True,target_setting,target_setting,"int swmm_link_get_target_setting(SWMM_Engine engine, int idx, double* setting)"
swmm_link_get_target_settings_bulk,openswmm_links.h,True,False,False,target_settings,,"int swmm_link_get_target_settings_bulk(SWMM_Engine engine, double* buf, int count)"
swmm_link_get_to_node,openswmm_links.h,True,False,True,to_node,to_node,"int swmm_link_get_to_node(SWMM_Engine engine, int idx, int* node_idx)"
swmm_link_get_type,openswmm_links.h,True,False,True,type,type,"int swmm_link_get_type(SWMM_Engine engine, int idx, int* type)"
swmm_link_get_velocities_bulk,openswmm_links.h,True,False,True,velocities,velocities,"int swmm_link_get_velocities_bulk(SWMM_Engine engine, double* buf, int count)"
swmm_link_get_velocity,openswmm_links.h,True,False,True,velocity,velocity,"int swmm_link_get_velocity(SWMM_Engine engine, int idx, double* velocity)"
swmm_link_get_volume,openswmm_links.h,True,False,True,volume,volume,"int swmm_link_get_volume(SWMM_Engine engine, int idx, double* volume)"
swmm_link_get_volumes_bulk,openswmm_links.h,True,False,True,volumes,volumes,"int swmm_link_get_volumes_bulk(SWMM_Engine engine, double* buf, int count)"
swmm_link_get_weir_type,openswmm_links.h,True,False,True,type,type,"int swmm_link_get_weir_type(SWMM_Engine engine, int idx, int* type)"
swmm_link_get_xsect,openswmm_links.h,True,False,False,_read,,"int swmm_link_get_xsect(SWMM_Engine engine, int idx, int* shape, double* geom1, double* geom2, double* geom3, double* geom4)"
swmm_link_id,openswmm_links.h,True,True,True,__init__;get_id;id,__init__;get_id;id,"const char* swmm_link_id(SWMM_Engine engine, int idx)"
swmm_link_index,openswmm_links.h,True,True,True,__init__;add;get_index,__init__;add;get_index,"int swmm_link_index(SWMM_Engine engine, const char* id)"
swmm_link_pop_last,openswmm_links.h,True,True,True,pop_last;pop_last_link,pop_last_link,"int swmm_link_pop_last(SWMM_Engine engine, const char* id)"
swmm_link_rename,openswmm_links.h,True,True,True,rename,rename,"int swmm_link_rename(SWMM_Engine engine, int idx, const char* newId)"
swmm_link_set_barrels,openswmm_links.h,True,False,True,barrels,barrels,"int swmm_link_set_barrels(SWMM_Engine engine, int idx, int n)"
swmm_link_set_closed,openswmm_links.h,True,False,True,closed,closed,"int swmm_link_set_closed(SWMM_Engine engine, int idx, int closed)"
swmm_link_set_control_setting,openswmm_links.h,True,False,True,control_setting,control_setting,"int swmm_link_set_control_setting(SWMM_Engine engine, int idx, double setting)"
swmm_link_set_crest_height,openswmm_links.h,True,False,True,crest_height,crest_height,"int swmm_link_set_crest_height(SWMM_Engine engine, int idx, double h)"
swmm_link_set_culvert_code,openswmm_links.h,True,False,True,culvert_code,culvert_code,"int swmm_link_set_culvert_code(SWMM_Engine engine, int idx, int code)"
swmm_link_set_discharge_coeff,openswmm_links.h,True,False,True,discharge_coeff,discharge_coeff,"int swmm_link_set_discharge_coeff(SWMM_Engine engine, int idx, double cd)"
swmm_link_set_end_contractions,openswmm_links.h,True,False,True,end_contractions,end_contractions,"int swmm_link_set_end_contractions(SWMM_Engine engine, int idx, double n)"
swmm_link_set_flap_gate,openswmm_links.h,True,False,True,flap_gate,flap_gate,"int swmm_link_set_flap_gate(SWMM_Engine engine, int idx, int has_gate)"
swmm_link_set_flow,openswmm_links.h,True,False,True,flow,flow,"int swmm_link_set_flow(SWMM_Engine engine, int idx, double flow)"
swmm_link_set_flows_bulk,openswmm_links.h,True,False,True,flows,flows,"int swmm_link_set_flows_bulk(SWMM_Engine engine, const double* buf, int count)"
swmm_link_set_initial_flow,openswmm_links.h,True,False,True,initial_flow,initial_flow,"int swmm_link_set_initial_flow(SWMM_Engine engine, int idx, double flow)"
swmm_link_set_length,openswmm_links.h,True,True,True,length;set_link_length,length;set_link_length,"int swmm_link_set_length(SWMM_Engine engine, int idx, double length)"
swmm_link_set_loss_coeff,openswmm_links.h,True,False,True,loss_coeff,loss_coeff,"int swmm_link_set_loss_coeff(SWMM_Engine engine, int idx, double inlet, double outlet, double avg)"
swmm_link_set_max_flow,openswmm_links.h,True,False,True,max_flow,max_flow,"int swmm_link_set_max_flow(SWMM_Engine engine, int idx, double flow)"
swmm_link_set_nodes,openswmm_links.h,True,True,True,set_link_nodes;set_nodes,set_link_nodes,"int swmm_link_set_nodes(SWMM_Engine engine, int idx, int from_node_idx, int to_node_idx)"
swmm_link_set_offset_dn,openswmm_links.h,True,False,True,offset_dn,offset_dn,"int swmm_link_set_offset_dn(SWMM_Engine engine, int idx, double offset)"
swmm_link_set_offset_up,openswmm_links.h,True,False,True,offset_up,offset_up,"int swmm_link_set_offset_up(SWMM_Engine engine, int idx, double offset)"
swmm_link_set_orifice_open_close_rate,openswmm_links.h,True,False,False,open_close_rate,,"int swmm_link_set_orifice_open_close_rate(SWMM_Engine engine, int idx, double rate)"
swmm_link_set_orifice_type,openswmm_links.h,True,False,True,type,type,"int swmm_link_set_orifice_type(SWMM_Engine engine, int idx, int type)"
swmm_link_set_outlet_expon,openswmm_links.h,True,False,False,expon,,"int swmm_link_set_outlet_expon(SWMM_Engine engine, int idx, double expon)"
swmm_link_set_outlet_rating_type,openswmm_links.h,True,False,False,rating_type,,"int swmm_link_set_outlet_rating_type(SWMM_Engine engine, int idx, int type)"
swmm_link_set_pump_curve,openswmm_links.h,True,False,True,curve,curve,"int swmm_link_set_pump_curve(SWMM_Engine engine, int idx, int curve_idx)"
swmm_link_set_pump_init_state,openswmm_links.h,True,False,True,init_state,init_state,"int swmm_link_set_pump_init_state(SWMM_Engine engine, int idx, int on)"
swmm_link_set_pump_shutoff_depth,openswmm_links.h,True,False,False,shutoff_depth,,"int swmm_link_set_pump_shutoff_depth(SWMM_Engine engine, int idx, double depth)"
swmm_link_set_pump_startup_depth,openswmm_links.h,True,False,False,startup_depth,,"int swmm_link_set_pump_startup_depth(SWMM_Engine engine, int idx, double depth)"
swmm_link_set_quality,openswmm_pollutants.h,True,True,True,set_link_quality,set_link_quality,"int swmm_link_set_quality(SWMM_Engine engine, int link_idx, int pollut_idx, double conc)"
swmm_link_set_roughness,openswmm_links.h,True,True,True,roughness;set_link_roughness,roughness;set_link_roughness,"int swmm_link_set_roughness(SWMM_Engine engine, int idx, double n)"
swmm_link_set_seep_rate,openswmm_links.h,True,False,True,seep_rate,seep_rate,"int swmm_link_set_seep_rate(SWMM_Engine engine, int idx, double rate)"
swmm_link_set_tag,openswmm_links.h,True,False,False,tag,,"int swmm_link_set_tag(SWMM_Engine engine, int idx, const char* tag)"
swmm_link_set_target_setting,openswmm_links.h,True,False,True,target_setting,target_setting,"int swmm_link_set_target_setting(SWMM_Engine engine, int idx, double setting)"
swmm_link_set_weir_type,openswmm_links.h,True,False,True,type,type,"int swmm_link_set_weir_type(SWMM_Engine engine, int idx, int type)"
swmm_link_set_xsect,openswmm_links.h,True,True,True,__repr__;set_link_xsect;xsect,set_link_xsect;xsect,"int swmm_link_set_xsect(SWMM_Engine engine, int idx, int shape, double geom1, double geom2, double geom3, double geom4)"
swmm_model_write,openswmm_model.h,True,True,True,write,write,"int swmm_model_write(SWMM_Engine engine, const char* new_inp_path)"
swmm_model_write_with_plugin,openswmm_model.h,True,True,True,write_with_plugin,write_with_plugin,"int swmm_model_write_with_plugin(SWMM_Engine engine, const char* new_path, const char* output_plugin_id)"
swmm_node_add,openswmm_nodes.h,True,True,True,add;add_node,add;add_node,"int swmm_node_add(SWMM_Engine engine, const char* id, int type)"
swmm_node_analyze_impact,openswmm_edit.h,True,True,True,analyze_node_impact,analyze_node_impact,"int swmm_node_analyze_impact( SWMM_Engine engine, int idx, SWMM_ImpactReport* report_out)"
swmm_node_convert,openswmm_edit.h,True,True,True,convert_node,convert_node,"int swmm_node_convert( SWMM_Engine engine, int idx, int new_type, SWMM_ConversionResult* result_out)"
swmm_node_count,openswmm_nodes.h,True,True,True,__iter__;__len__;_ids_list;depths;heads;inflows;lateral_inflows;losses;node_coords;node_count;node_max_depth;node_max_overflow;node_time_flooded;node_vol_flooded;outflows;overflows;qualities;set_lateral_inflows;set_node_coords;set_nodes;set_outlet_node;volumes,depths;heads;inflows;lateral_inflows;losses;node_coords;node_count;node_max_depth;node_max_overflow;node_time_flooded;node_vol_flooded;outflows;overflows;qualities;set_lateral_inflows;set_outlet_node;volumes,int swmm_node_count(SWMM_Engine engine)
swmm_node_delete,openswmm_edit.h,True,True,True,delete_node,delete_node,"int swmm_node_delete( SWMM_Engine engine, int idx, SWMM_ImpactReport* cascade_out)"
swmm_node_get_crown_elev,openswmm_nodes.h,True,False,True,crown_elev,crown_elev,"int swmm_node_get_crown_elev(SWMM_Engine engine, int idx, double* elev)"
swmm_node_get_degree,openswmm_nodes.h,True,False,True,degree,degree,"int swmm_node_get_degree(SWMM_Engine engine, int idx, int* degree)"
swmm_node_get_depth,openswmm_nodes.h,True,False,True,depth,depth,"int swmm_node_get_depth(SWMM_Engine engine, int idx, double* depth)"
swmm_node_get_depth_from_volume,openswmm_nodes.h,True,True,True,depth_from_volume,depth_from_volume,"int swmm_node_get_depth_from_volume(SWMM_Engine engine, int idx, double volume, double* depth)"
swmm_node_get_depths_bulk,openswmm_nodes.h,True,False,True,depths,depths,"int swmm_node_get_depths_bulk(SWMM_Engine engine, double* buf, int count)"
swmm_node_get_divider_type,openswmm_nodes.h,True,False,True,type,type,"int swmm_node_get_divider_type(SWMM_Engine engine, int idx, int* type)"
swmm_node_get_exfil_params,openswmm_nodes.h,True,False,True,exfil_params,exfil_params,"int swmm_node_get_exfil_params(SWMM_Engine engine, int idx, double* suction, double* ksat, double* imd)"
swmm_node_get_full_volume,openswmm_nodes.h,True,False,True,full_volume,full_volume,"int swmm_node_get_full_volume(SWMM_Engine engine, int idx, double* vol)"
swmm_node_get_head,openswmm_nodes.h,True,False,True,head,head,"int swmm_node_get_head(SWMM_Engine engine, int idx, double* head)"
swmm_node_get_heads_bulk,openswmm_nodes.h,True,False,True,heads,heads,"int swmm_node_get_heads_bulk(SWMM_Engine engine, double* buf, int count)"
swmm_node_get_ids_bulk,openswmm_nodes.h,True,False,False,_ids_list,,"int swmm_node_get_ids_bulk(SWMM_Engine engine, char* buf, int stride, int count)"
swmm_node_get_inflow,openswmm_nodes.h,True,False,False,inflow,,"int swmm_node_get_inflow(SWMM_Engine engine, int idx, double* inflow)"
swmm_node_get_inflows_bulk,openswmm_nodes.h,True,True,True,inflows,inflows,"int swmm_node_get_inflows_bulk(SWMM_Engine engine, double* buf, int count)"
swmm_node_get_initial_depth,openswmm_nodes.h,True,False,True,initial_depth,initial_depth,"int swmm_node_get_initial_depth(SWMM_Engine engine, int idx, double* depth)"
swmm_node_get_invert_elev,openswmm_nodes.h,True,False,True,invert_elev,invert_elev,"int swmm_node_get_invert_elev(SWMM_Engine engine, int idx, double* elev)"
swmm_node_get_lateral_inflow,openswmm_nodes.h,True,False,True,lateral_inflow,lateral_inflow,"int swmm_node_get_lateral_inflow(SWMM_Engine engine, int idx, double* inflow)"
swmm_node_get_lateral_inflows_bulk,openswmm_nodes.h,True,False,True,lateral_inflows,lateral_inflows,"int swmm_node_get_lateral_inflows_bulk(SWMM_Engine engine, double* buf, int count)"
swmm_node_get_losses,openswmm_nodes.h,True,False,True,losses,losses,"int swmm_node_get_losses(SWMM_Engine engine, int idx, double* losses)"
swmm_node_get_losses_bulk,openswmm_nodes.h,True,False,True,losses,losses,"int swmm_node_get_losses_bulk(SWMM_Engine engine, double* buf, int count)"
swmm_node_get_max_depth,openswmm_nodes.h,True,True,True,max_depth,max_depth,"int swmm_node_get_max_depth(SWMM_Engine engine, int idx, double* depth)"
swmm_node_get_outfall_flap_gate,openswmm_nodes.h,True,False,True,flap_gate,flap_gate,"int swmm_node_get_outfall_flap_gate(SWMM_Engine engine, int idx, int* has_gate)"
swmm_node_get_outfall_param,openswmm_nodes.h,True,False,True,param,param,"int swmm_node_get_outfall_param(SWMM_Engine engine, int idx, double* param)"
swmm_node_get_outfall_route_to,openswmm_nodes.h,True,False,True,route_to,route_to,"int swmm_node_get_outfall_route_to(SWMM_Engine engine, int idx, int* subcatch_idx)"
swmm_node_get_outfall_tidal,openswmm_nodes.h,True,True,False,get_tidal_curve,,"int swmm_node_get_outfall_tidal(SWMM_Engine engine, int idx, int* curve_idx)"
swmm_node_get_outfall_timeseries,openswmm_nodes.h,True,True,False,get_timeseries,,"int swmm_node_get_outfall_timeseries(SWMM_Engine engine, int idx, int* ts_idx)"
swmm_node_get_outfall_type,openswmm_nodes.h,True,False,True,type,type,"int swmm_node_get_outfall_type(SWMM_Engine engine, int idx, int* type)"
swmm_node_get_outflow,openswmm_nodes.h,True,False,True,outflow,outflow,"int swmm_node_get_outflow(SWMM_Engine engine, int idx, double* outflow)"
swmm_node_get_outflows_bulk,openswmm_nodes.h,True,False,True,outflows,outflows,"int swmm_node_get_outflows_bulk(SWMM_Engine engine, double* buf, int count)"
swmm_node_get_overflow,openswmm_nodes.h,True,False,True,overflow,overflow,"int swmm_node_get_overflow(SWMM_Engine engine, int idx, double* overflow)"
swmm_node_get_overflows_bulk,openswmm_nodes.h,True,False,True,overflows,overflows,"int swmm_node_get_overflows_bulk(SWMM_Engine engine, double* buf, int count)"
swmm_node_get_ponded_area,openswmm_nodes.h,True,False,True,ponded_area,ponded_area,"int swmm_node_get_ponded_area(SWMM_Engine engine, int idx, double* area)"
swmm_node_get_quality,openswmm_nodes.h,True,True,True,quality,quality,"int swmm_node_get_quality(SWMM_Engine engine, int node_idx, int pollutant_idx, double* conc)"
swmm_node_get_quality_bulk,openswmm_nodes.h,True,True,True,qualities,qualities,"int swmm_node_get_quality_bulk(SWMM_Engine engine, int pollutant_idx, double* buf, int count)"
swmm_node_get_stat_max_depth,openswmm_nodes.h,True,True,True,max_depth,max_depth,"int swmm_node_get_stat_max_depth(SWMM_Engine engine, int idx, double* val)"
swmm_node_get_stat_max_overflow,openswmm_nodes.h,True,False,True,max_overflow,max_overflow,"int swmm_node_get_stat_max_overflow(SWMM_Engine engine, int idx, double* val)"
swmm_node_get_stat_time_flooded,openswmm_nodes.h,True,False,True,time_flooded,time_flooded,"int swmm_node_get_stat_time_flooded(SWMM_Engine engine, int idx, double* val)"
swmm_node_get_stat_vol_flooded,openswmm_nodes.h,True,False,True,vol_flooded,vol_flooded,"int swmm_node_get_stat_vol_flooded(SWMM_Engine engine, int idx, double* val)"
swmm_node_get_storage_curve,openswmm_nodes.h,True,False,True,curve,curve,"int swmm_node_get_storage_curve(SWMM_Engine engine, int idx, int* curve_idx)"
swmm_node_get_storage_functional,openswmm_nodes.h,True,False,True,functional,functional,"int swmm_node_get_storage_functional(SWMM_Engine engine, int idx, double* a, double* b, double* c)"
swmm_node_get_storage_seep_rate,openswmm_nodes.h,True,False,True,seep_rate,seep_rate,"int swmm_node_get_storage_seep_rate(SWMM_Engine engine, int idx, double* rate)"
swmm_node_get_surcharge_depth,openswmm_nodes.h,True,False,True,surcharge_depth,surcharge_depth,"int swmm_node_get_surcharge_depth(SWMM_Engine engine, int idx, double* depth)"
swmm_node_get_tag,openswmm_nodes.h,True,False,False,tag,,"int swmm_node_get_tag(SWMM_Engine engine, int idx, char* buf, int buflen)"
swmm_node_get_type,openswmm_nodes.h,True,False,True,type,type,"int swmm_node_get_type(SWMM_Engine engine, int idx, int* type)"
swmm_node_get_volume,openswmm_nodes.h,True,False,True,volume,volume,"int swmm_node_get_volume(SWMM_Engine engine, int idx, double* volume)"
swmm_node_get_volumes_bulk,openswmm_nodes.h,True,False,True,volumes,volumes,"int swmm_node_get_volumes_bulk(SWMM_Engine engine, double* buf, int count)"
swmm_node_id,openswmm_nodes.h,True,True,True,__init__;get_id;id,__init__;get_id;id,"const char* swmm_node_id(SWMM_Engine engine, int idx)"
swmm_node_index,openswmm_nodes.h,True,True,True,__init__;add;get_index;set_nodes;set_outlet_node,__init__;add;get_index;set_outlet_node,"int swmm_node_index(SWMM_Engine engine, const char* id)"
swmm_node_pop_last,openswmm_nodes.h,True,True,True,pop_last;pop_last_node,pop_last_node,"int swmm_node_pop_last(SWMM_Engine engine, const char* id)"
swmm_node_rename,openswmm_nodes.h,True,True,True,rename,rename,"int swmm_node_rename(SWMM_Engine engine, int idx, const char* newId)"
swmm_node_set_depth,openswmm_nodes.h,True,False,True,depth,depth,"int swmm_node_set_depth(SWMM_Engine engine, int idx, double depth)"
swmm_node_set_depths_bulk,openswmm_nodes.h,True,False,True,depths,depths,"int swmm_node_set_depths_bulk(SWMM_Engine engine, const double* buf, int count)"
swmm_node_set_divider_type,openswmm_nodes.h,True,False,True,type,type,"int swmm_node_set_divider_type(SWMM_Engine engine, int idx, int type)"
swmm_node_set_exfil_params,openswmm_nodes.h,True,False,True,exfil_params,exfil_params,"int swmm_node_set_exfil_params(SWMM_Engine engine, int idx, double suction, double ksat, double imd)"
swmm_node_set_head_boundary,openswmm_nodes.h,True,True,False,set_head_boundary,,"int swmm_node_set_head_boundary(SWMM_Engine engine, int idx, double head)"
swmm_node_set_initial_depth,openswmm_nodes.h,True,False,True,initial_depth,initial_depth,"int swmm_node_set_initial_depth(SWMM_Engine engine, int idx, double depth)"
swmm_node_set_invert_elev,openswmm_nodes.h,True,True,True,invert_elev;set_node_invert,invert_elev;set_node_invert,"int swmm_node_set_invert_elev(SWMM_Engine engine, int idx, double elev)"
swmm_node_set_lat_inflows_bulk,openswmm_nodes.h,True,True,True,set_lateral_inflows,set_lateral_inflows,"int swmm_node_set_lat_inflows_bulk(SWMM_Engine engine, const double* buf, int count)"
swmm_node_set_lateral_inflow,openswmm_nodes.h,True,False,True,lateral_inflow,lateral_inflow,"int swmm_node_set_lateral_inflow(SWMM_Engine engine, int idx, double flow)"
swmm_node_set_max_depth,openswmm_nodes.h,True,True,True,max_depth;set_node_max_depth,max_depth;set_node_max_depth,"int swmm_node_set_max_depth(SWMM_Engine engine, int idx, double depth)"
swmm_node_set_outfall_flap_gate,openswmm_nodes.h,True,False,True,flap_gate,flap_gate,"int swmm_node_set_outfall_flap_gate(SWMM_Engine engine, int idx, int has_gate)"
swmm_node_set_outfall_route_to,openswmm_nodes.h,True,False,True,route_to,route_to,"int swmm_node_set_outfall_route_to(SWMM_Engine engine, int idx, int subcatch_idx)"
swmm_node_set_outfall_stage,openswmm_nodes.h,True,True,True,set_stage,set_stage,"int swmm_node_set_outfall_stage(SWMM_Engine engine, int idx, double stage)"
swmm_node_set_outfall_tidal,openswmm_nodes.h,True,True,True,set_tidal_curve,set_tidal_curve,"int swmm_node_set_outfall_tidal(SWMM_Engine engine, int idx, int curve_idx)"
swmm_node_set_outfall_timeseries,openswmm_nodes.h,True,True,True,set_timeseries,set_timeseries,"int swmm_node_set_outfall_timeseries(SWMM_Engine engine, int idx, int ts_idx)"
swmm_node_set_outfall_type,openswmm_nodes.h,True,False,True,type,type,"int swmm_node_set_outfall_type(SWMM_Engine engine, int idx, int type)"
swmm_node_set_pond_area,openswmm_nodes.h,True,False,True,ponded_area,ponded_area,"int swmm_node_set_pond_area(SWMM_Engine engine, int idx, double area)"
swmm_node_set_quality,openswmm_pollutants.h,True,True,True,set_node_quality,set_node_quality,"int swmm_node_set_quality(SWMM_Engine engine, int node_idx, int pollut_idx, double conc)"
swmm_node_set_quality_mass_flux,openswmm_nodes.h,True,True,True,set_quality_mass_flux,set_quality_mass_flux,"int swmm_node_set_quality_mass_flux(SWMM_Engine engine, int node_idx, int pollutant_idx, double mass_rate)"
swmm_node_set_storage_curve,openswmm_nodes.h,True,False,True,curve,curve,"int swmm_node_set_storage_curve(SWMM_Engine engine, int idx, int curve_idx)"
swmm_node_set_storage_functional,openswmm_nodes.h,True,False,True,functional,functional,"int swmm_node_set_storage_functional(SWMM_Engine engine, int idx, double a, double b, double c)"
swmm_node_set_storage_seep_rate,openswmm_nodes.h,True,False,True,seep_rate,seep_rate,"int swmm_node_set_storage_seep_rate(SWMM_Engine engine, int idx, double rate)"
swmm_node_set_surcharge_depth,openswmm_nodes.h,True,False,True,surcharge_depth,surcharge_depth,"int swmm_node_set_surcharge_depth(SWMM_Engine engine, int idx, double depth)"
swmm_node_set_tag,openswmm_nodes.h,True,False,False,tag,,"int swmm_node_set_tag(SWMM_Engine engine, int idx, const char* tag)"
swmm_options_get,openswmm_model.h,True,True,True,_options_get;get_option,get_option,"int swmm_options_get( SWMM_Engine engine, const char* key, char* buf, int buflen )"
swmm_options_get_end_date,openswmm_model.h,True,True,True,end_datetime,end_datetime,"int swmm_options_get_end_date(SWMM_Engine engine, double* value)"
swmm_options_get_ext,openswmm_model.h,True,True,True,_options_ext_get;get_option_ext,get_option_ext,"int swmm_options_get_ext( SWMM_Engine engine, const char* key, char* buf, int buflen )"
swmm_options_get_report_start,openswmm_model.h,True,True,False,report_start_datetime,,"int swmm_options_get_report_start(SWMM_Engine engine, double* value)"
swmm_options_get_start_date,openswmm_model.h,True,True,True,start_datetime,start_datetime,"int swmm_options_get_start_date(SWMM_Engine engine, double* value)"
swmm_options_set,openswmm_model.h,True,True,True,_options_set;set_option,set_option,"int swmm_options_set( SWMM_Engine engine, const char* key, const char* value )"
swmm_options_set_end_date,openswmm_model.h,True,True,True,end_datetime,end_datetime,"int swmm_options_set_end_date(SWMM_Engine engine, double value)"
swmm_options_set_ext,openswmm_model.h,True,True,True,_options_ext_set;set_option_ext,set_option_ext,"int swmm_options_set_ext( SWMM_Engine engine, const char* key, const char* value )"
swmm_options_set_report_start,openswmm_model.h,True,True,False,report_start_datetime,,"int swmm_options_set_report_start(SWMM_Engine engine, double value)"
swmm_options_set_start_date,openswmm_model.h,True,True,True,start_datetime,start_datetime,"int swmm_options_set_start_date(SWMM_Engine engine, double value)"
swmm_output_close,openswmm_output.h,True,True,True,__dealloc__;close,close,void swmm_output_close(SWMM_Output handle)
swmm_output_get_error_code,openswmm_output.h,True,False,True,error_code,error_code,int swmm_output_get_error_code(SWMM_Output handle)
swmm_output_get_flow_units,openswmm_output.h,True,True,True,flow_units,flow_units,int swmm_output_get_flow_units(SWMM_Output handle)
swmm_output_get_link_attribute,openswmm_output.h,True,True,True,link_attributes,link_attributes,"int swmm_output_get_link_attribute(SWMM_Output handle, int link_idx, int period, float* values, int* count)"
swmm_output_get_link_count,openswmm_output.h,True,True,True,link_count;link_result;period_times;subcatchment_ids,link_count;link_result;period_times;subcatchment_ids,int swmm_output_get_link_count(SWMM_Output handle)
swmm_output_get_link_id,openswmm_output.h,True,False,True,subcatchment_ids,subcatchment_ids,"const char* swmm_output_get_link_id(SWMM_Output handle, int index)"
swmm_output_get_link_result,openswmm_output.h,True,True,True,link_result,link_result,"int swmm_output_get_link_result(SWMM_Output handle, int period, int var, float* values)"
swmm_output_get_link_series,openswmm_output.h,True,True,True,link_series,link_series,"int swmm_output_get_link_series(SWMM_Output handle, int link_idx, int var, int start_period, int end_period, float* values)"
swmm_output_get_node_attribute,openswmm_output.h,True,True,True,node_attributes,node_attributes,"int swmm_output_get_node_attribute(SWMM_Output handle, int node_idx, int period, float* values, int* count)"
swmm_output_get_node_count,openswmm_output.h,True,True,True,node_count;node_result;period_times;subcatchment_ids,node_count;node_result;period_times;subcatchment_ids,int swmm_output_get_node_count(SWMM_Output handle)
swmm_output_get_node_id,openswmm_output.h,True,False,True,subcatchment_ids,subcatchment_ids,"const char* swmm_output_get_node_id(SWMM_Output handle, int index)"
swmm_output_get_node_result,openswmm_output.h,True,True,True,node_result,node_result,"int swmm_output_get_node_result(SWMM_Output handle, int period, int var, float* values)"
swmm_output_get_node_series,openswmm_output.h,True,True,True,node_series,node_series,"int swmm_output_get_node_series(SWMM_Output handle, int node_idx, int var, int start_period, int end_period, float* values)"
swmm_output_get_node_stat_max_depth,openswmm_output.h,True,True,True,max_depth,max_depth,"int swmm_output_get_node_stat_max_depth(SWMM_Output handle, int node_idx, double* value)"
swmm_output_get_node_stat_max_overflow,openswmm_output.h,True,False,True,max_overflow,max_overflow,"int swmm_output_get_node_stat_max_overflow(SWMM_Output handle, int node_idx, double* value)"
swmm_output_get_node_stat_time_flooded,openswmm_output.h,True,False,True,time_flooded,time_flooded,"int swmm_output_get_node_stat_time_flooded(SWMM_Output handle, int node_idx, double* value)"
swmm_output_get_node_stat_vol_flooded,openswmm_output.h,True,False,True,vol_flooded,vol_flooded,"int swmm_output_get_node_stat_vol_flooded(SWMM_Output handle, int node_idx, double* value)"
swmm_output_get_period_count,openswmm_output.h,True,True,True,link_series;node_series;period_count;period_times;subcatchment_series;system_series,link_series;node_series;period_count;period_times;subcatchment_series;system_series,int swmm_output_get_period_count(SWMM_Output handle)
swmm_output_get_period_time,openswmm_output.h,True,False,True,period_times,period_times,"int swmm_output_get_period_time(SWMM_Output handle, int period, double* time)"
swmm_output_get_pollut_count,openswmm_output.h,True,False,True,pollutant_count,pollutant_count,int swmm_output_get_pollut_count(SWMM_Output handle)
swmm_output_get_report_step,openswmm_output.h,True,False,True,report_step,report_step,int swmm_output_get_report_step(SWMM_Output handle)
swmm_output_get_start_date,openswmm_output.h,True,True,True,start_datetime,start_datetime,"int swmm_output_get_start_date(SWMM_Output handle, double* start_date)"
swmm_output_get_subcatch_attribute,openswmm_output.h,True,True,True,subcatchment_attributes,subcatchment_attributes,"int swmm_output_get_subcatch_attribute(SWMM_Output handle, int subcatch_idx, int period, float* values, int* count)"
swmm_output_get_subcatch_count,openswmm_output.h,True,True,True,period_times;subcatchment_count;subcatchment_ids;subcatchment_result,period_times;subcatchment_count;subcatchment_ids;subcatchment_result,int swmm_output_get_subcatch_count(SWMM_Output handle)
swmm_output_get_subcatch_id,openswmm_output.h,True,False,True,subcatchment_ids,subcatchment_ids,"const char* swmm_output_get_subcatch_id(SWMM_Output handle, int index)"
swmm_output_get_subcatch_result,openswmm_output.h,True,True,True,subcatchment_result,subcatchment_result,"int swmm_output_get_subcatch_result(SWMM_Output handle, int period, int var, float* values)"
swmm_output_get_subcatch_series,openswmm_output.h,True,True,True,subcatchment_series,subcatchment_series,"int swmm_output_get_subcatch_series(SWMM_Output handle, int subcatch_idx, int var, int start_period, int end_period, float* values)"
swmm_output_get_system_result,openswmm_output.h,True,True,True,system_result,system_result,"int swmm_output_get_system_result(SWMM_Output handle, int period, int var, float* value)"
swmm_output_get_system_series,openswmm_output.h,True,True,True,system_series,system_series,"int swmm_output_get_system_series(SWMM_Output handle, int var, int start_period, int end_period, float* values)"
swmm_output_get_version,openswmm_output.h,True,False,True,version,version,int swmm_output_get_version(SWMM_Output handle)
swmm_output_open,openswmm_output.h,True,True,True,__init__,__init__,SWMM_Output swmm_output_open(const char* path)
swmm_pattern_add,openswmm_tables.h,True,True,True,add,add,"int swmm_pattern_add(SWMM_Engine engine, const char* id, int type)"
swmm_pattern_count,openswmm_tables.h,True,True,True,__iter__;__len__;add,add,int swmm_pattern_count(SWMM_Engine engine)
swmm_pattern_get_factor,openswmm_tables.h,True,False,True,factors,factors,"int swmm_pattern_get_factor(SWMM_Engine engine, int idx, int i, double* v)"
swmm_pattern_get_factor_count,openswmm_tables.h,True,False,True,factors,factors,"int swmm_pattern_get_factor_count(SWMM_Engine engine, int idx, int* count)"
swmm_pattern_get_type,openswmm_tables.h,True,False,True,type,type,"int swmm_pattern_get_type(SWMM_Engine engine, int idx, int* type)"
swmm_pattern_id,openswmm_tables.h,True,False,True,id,id,"const char* swmm_pattern_id(SWMM_Engine engine, int idx)"
swmm_pattern_index,openswmm_tables.h,True,True,True,get_index,get_index,"int swmm_pattern_index(SWMM_Engine engine, const char* id)"
swmm_pattern_remove,openswmm_tables.h,True,True,False,remove,,"int swmm_pattern_remove(SWMM_Engine engine, int idx)"
swmm_pattern_rename,openswmm_tables.h,True,True,True,rename,rename,"int swmm_pattern_rename(SWMM_Engine engine, int idx, const char* newId)"
swmm_pattern_set_factors,openswmm_tables.h,True,True,True,set_factors,set_factors,"int swmm_pattern_set_factors(SWMM_Engine engine, int idx, const double* factors, int count)"
swmm_plugin_get,openswmm_model.h,True,True,True,plugin_get,plugin_get,"int swmm_plugin_get(SWMM_Engine engine, int idx, char* path_buf, int path_buf_sz, char* args_buf, int args_buf_sz)"
swmm_plugin_remove,openswmm_model.h,True,True,True,plugin_remove,plugin_remove,"int swmm_plugin_remove(SWMM_Engine engine, const char* path_or_id)"
swmm_plugin_set,openswmm_model.h,True,True,True,plugin_set,plugin_set,"int swmm_plugin_set(SWMM_Engine engine, const char* path_or_id, const char* args)"
swmm_plugins_count,openswmm_model.h,True,True,True,plugins_count,plugins_count,"int swmm_plugins_count(SWMM_Engine engine, int* count)"
swmm_pollutant_add,openswmm_pollutants.h,True,True,True,add,add,"int swmm_pollutant_add(SWMM_Engine engine, const char* id, int units)"
swmm_pollutant_count,openswmm_pollutants.h,True,True,False,__iter__;__len__;__repr__,,int swmm_pollutant_count(SWMM_Engine engine)
swmm_pollutant_get_co_pollutant,openswmm_pollutants.h,True,False,True,co_pollutant,co_pollutant,"int swmm_pollutant_get_co_pollutant(SWMM_Engine engine, int idx, int* co_idx, double* frac)"
swmm_pollutant_get_dwf_conc,openswmm_pollutants.h,True,False,False,dwf_conc,,"int swmm_pollutant_get_dwf_conc(SWMM_Engine engine, int idx, double* conc)"
swmm_pollutant_get_gw_conc,openswmm_pollutants.h,True,False,True,gw_conc,gw_conc,"int swmm_pollutant_get_gw_conc(SWMM_Engine engine, int idx, double* conc)"
swmm_pollutant_get_init_conc,openswmm_pollutants.h,True,False,True,init_conc,init_conc,"int swmm_pollutant_get_init_conc(SWMM_Engine engine, int idx, double* conc)"
swmm_pollutant_get_kdecay,openswmm_pollutants.h,True,False,True,kdecay,kdecay,"int swmm_pollutant_get_kdecay(SWMM_Engine engine, int idx, double* k)"
swmm_pollutant_get_mwt,openswmm_pollutants.h,True,False,True,mwt,mwt,"int swmm_pollutant_get_mwt(SWMM_Engine engine, int idx, double* mwt)"
swmm_pollutant_get_rain_conc,openswmm_pollutants.h,True,False,True,rain_conc,rain_conc,"int swmm_pollutant_get_rain_conc(SWMM_Engine engine, int idx, double* conc)"
swmm_pollutant_get_rdii_conc,openswmm_pollutants.h,True,False,True,rdii_conc,rdii_conc,"int swmm_pollutant_get_rdii_conc(SWMM_Engine engine, int idx, double* conc)"
swmm_pollutant_get_snow_only,openswmm_pollutants.h,True,False,True,snow_only,snow_only,"int swmm_pollutant_get_snow_only(SWMM_Engine engine, int idx, int* flag)"
swmm_pollutant_get_units,openswmm_pollutants.h,True,False,True,units,units,"int swmm_pollutant_get_units(SWMM_Engine engine, int idx, int* units)"
swmm_pollutant_id,openswmm_pollutants.h,True,True,True,__init__;get_id;id,__init__;get_id;id,"const char* swmm_pollutant_id(SWMM_Engine engine, int idx)"
swmm_pollutant_index,openswmm_pollutants.h,True,True,True,__repr__;add;get_index,add;get_index,"int swmm_pollutant_index(SWMM_Engine engine, const char* id)"
swmm_pollutant_set_co_pollutant,openswmm_pollutants.h,True,True,True,set_co_pollutant,set_co_pollutant,"int swmm_pollutant_set_co_pollutant(SWMM_Engine engine, int idx, int co_idx, double frac)"
swmm_pollutant_set_dwf_conc,openswmm_pollutants.h,True,False,False,dwf_conc,,"int swmm_pollutant_set_dwf_conc(SWMM_Engine engine, int idx, double conc)"
swmm_pollutant_set_gw_conc,openswmm_pollutants.h,True,False,True,gw_conc,gw_conc,"int swmm_pollutant_set_gw_conc(SWMM_Engine engine, int idx, double conc)"
swmm_pollutant_set_init_conc,openswmm_pollutants.h,True,False,True,init_conc,init_conc,"int swmm_pollutant_set_init_conc(SWMM_Engine engine, int idx, double conc)"
swmm_pollutant_set_kdecay,openswmm_pollutants.h,True,False,True,kdecay,kdecay,"int swmm_pollutant_set_kdecay(SWMM_Engine engine, int idx, double k)"
swmm_pollutant_set_mwt,openswmm_pollutants.h,True,False,True,mwt,mwt,"int swmm_pollutant_set_mwt(SWMM_Engine engine, int idx, double mwt)"
swmm_pollutant_set_rain_conc,openswmm_pollutants.h,True,False,True,rain_conc,rain_conc,"int swmm_pollutant_set_rain_conc(SWMM_Engine engine, int idx, double conc)"
swmm_pollutant_set_rdii_conc,openswmm_pollutants.h,True,False,True,rdii_conc,rdii_conc,"int swmm_pollutant_set_rdii_conc(SWMM_Engine engine, int idx, double conc)"
swmm_pollutant_set_snow_only,openswmm_pollutants.h,True,False,True,snow_only,snow_only,"int swmm_pollutant_set_snow_only(SWMM_Engine engine, int idx, int flag)"
swmm_rdii_add,openswmm_inflows.h,True,True,True,add_rdii,add_rdii,"int swmm_rdii_add(SWMM_Engine engine, int node_idx, const char* uh_name, double area)"
swmm_rdii_count,openswmm_inflows.h,True,False,True,rdii_count,rdii_count,int swmm_rdii_count(SWMM_Engine engine)
swmm_rdii_decay_add,openswmm_inflows.h,True,True,True,add_rdii_decay,add_rdii_decay,"int swmm_rdii_decay_add(SWMM_Engine engine, const char* uh_name, int response, double k_dep, double k_0, double k_T, double T_ref, double theta_rec, double T_freeze)"
swmm_rdii_decay_count,openswmm_inflows.h,True,False,True,rdii_decay_count,rdii_decay_count,int swmm_rdii_decay_count(SWMM_Engine engine)
swmm_rdii_decay_get,openswmm_inflows.h,True,True,True,get_rdii_decay,get_rdii_decay,"int swmm_rdii_decay_get(SWMM_Engine engine, int entry_idx, char* uh_buf, int buflen, int* response, double* k_dep, double* k_0, double* k_T, double* T_ref, double* theta_rec, double* T_freeze)"
swmm_rdii_decay_remove,openswmm_inflows.h,True,True,False,remove_rdii_decay,,"int swmm_rdii_decay_remove(SWMM_Engine engine, const char* uh_name, int response)"
swmm_rdii_decay_set,openswmm_inflows.h,True,True,False,set_rdii_decay,,"int swmm_rdii_decay_set(SWMM_Engine engine, const char* uh_name, int response, double k_dep, double k_0, double k_T, double T_ref, double theta_rec, double T_freeze)"
swmm_rdii_get,openswmm_inflows.h,True,True,True,get_rdii,get_rdii,"int swmm_rdii_get(SWMM_Engine engine, int entry_idx, int* node_idx, char* uh_buf, int buflen, double* area)"
swmm_rdii_remove,openswmm_inflows.h,True,True,False,remove_rdii,,"int swmm_rdii_remove(SWMM_Engine engine, int entry_idx)"
swmm_runoff_iface_close,openswmm_engine.h,True,True,False,close_runoff_interface,,int swmm_runoff_iface_close(SWMM_Engine engine)
swmm_runoff_iface_open_read,openswmm_engine.h,True,True,True,open_runoff_interface_read,open_runoff_interface_read,"int swmm_runoff_iface_open_read(SWMM_Engine engine, const char* path)"
swmm_runoff_iface_open_write,openswmm_engine.h,True,True,True,open_runoff_interface_write,open_runoff_interface_write,"int swmm_runoff_iface_open_write(SWMM_Engine engine, const char* path)"
swmm_runoff_iface_read_step,openswmm_engine.h,True,True,False,read_runoff_step,,"int swmm_runoff_iface_read_step(SWMM_Engine engine, int* has_data)"
swmm_runoff_iface_save_step,openswmm_engine.h,True,True,False,save_runoff_step,,"int swmm_runoff_iface_save_step(SWMM_Engine engine, double dt)"
swmm_set_progress_callback,openswmm_engine.h,True,True,False,set_progress_callback,,"int swmm_set_progress_callback (SWMM_Engine engine, SWMM_ProgressCallback callback, void* user_data)"
swmm_set_steady_state_skip,openswmm_engine.h,True,True,True,steady_state_skip,steady_state_skip,"int swmm_set_steady_state_skip(SWMM_Engine engine, int enabled)"
swmm_set_step_begin_callback,openswmm_engine.h,True,True,False,set_step_begin_callback,,"int swmm_set_step_begin_callback(SWMM_Engine engine, SWMM_StepBeginCallback callback, void* user_data)"
swmm_set_step_end_callback,openswmm_engine.h,True,True,False,set_step_end_callback,,"int swmm_set_step_end_callback (SWMM_Engine engine, SWMM_StepEndCallback callback, void* user_data)"
swmm_set_warning_callback,openswmm_engine.h,True,True,False,set_warning_callback,,"int swmm_set_warning_callback (SWMM_Engine engine, SWMM_WarningCallback callback, void* user_data)"
swmm_snowpack_add,openswmm_subcatchments.h,True,True,False,__repr__,,"int swmm_snowpack_add(SWMM_Engine engine, const char* id)"
swmm_snowpack_count,openswmm_subcatchments.h,True,True,False,__repr__,,int swmm_snowpack_count(SWMM_Engine engine)
swmm_snowpack_id,openswmm_subcatchments.h,True,True,False,__repr__,,"const char* swmm_snowpack_id(SWMM_Engine engine, int idx)"
swmm_snowpack_index,openswmm_subcatchments.h,True,True,False,__repr__,,"int swmm_snowpack_index(SWMM_Engine engine, const char* id)"
swmm_spatial_get_crs,openswmm_spatial.h,True,True,True,crs,crs,"int swmm_spatial_get_crs(SWMM_Engine engine, char* buf, int buflen)"
swmm_spatial_get_gage_coord,openswmm_spatial.h,True,True,True,gage_coord,gage_coord,"int swmm_spatial_get_gage_coord(SWMM_Engine engine, int idx, double* x, double* y)"
swmm_spatial_get_link_coord,openswmm_spatial.h,True,True,True,link_coord,link_coord,"int swmm_spatial_get_link_coord(SWMM_Engine engine, int idx, double* x, double* y)"
swmm_spatial_get_link_vertex_count,openswmm_spatial.h,True,True,True,link_vertices,link_vertices,"int swmm_spatial_get_link_vertex_count(SWMM_Engine engine, int idx, int* count)"
swmm_spatial_get_link_vertices,openswmm_spatial.h,True,True,True,link_vertices,link_vertices,"int swmm_spatial_get_link_vertices(SWMM_Engine engine, int idx, double* x, double* y, int max_count)"
swmm_spatial_get_node_coord,openswmm_spatial.h,True,True,True,node_coord,node_coord,"int swmm_spatial_get_node_coord(SWMM_Engine engine, int idx, double* x, double* y)"
swmm_spatial_get_node_coords_bulk,openswmm_spatial.h,True,True,True,node_coords,node_coords,"int swmm_spatial_get_node_coords_bulk(SWMM_Engine engine, double* x_buf, double* y_buf, int count)"
swmm_spatial_get_subcatch_coord,openswmm_spatial.h,True,True,True,subcatchment_coord,subcatchment_coord,"int swmm_spatial_get_subcatch_coord(SWMM_Engine engine, int idx, double* x, double* y)"
swmm_spatial_get_subcatch_polygon,openswmm_spatial.h,True,True,True,subcatchment_polygon,subcatchment_polygon,"int swmm_spatial_get_subcatch_polygon(SWMM_Engine engine, int idx, double* x, double* y, int max_count)"
swmm_spatial_get_subcatch_polygon_count,openswmm_spatial.h,True,True,True,subcatchment_polygon,subcatchment_polygon,"int swmm_spatial_get_subcatch_polygon_count(SWMM_Engine engine, int idx, int* count)"
swmm_spatial_set_crs,openswmm_spatial.h,True,True,True,crs,crs,"int swmm_spatial_set_crs(SWMM_Engine engine, const char* crs)"
swmm_spatial_set_gage_coord,openswmm_spatial.h,True,True,False,set_gage_coord,,"int swmm_spatial_set_gage_coord(SWMM_Engine engine, int idx, double x, double y)"
swmm_spatial_set_link_coord,openswmm_spatial.h,True,True,True,set_link_coord,set_link_coord,"int swmm_spatial_set_link_coord(SWMM_Engine engine, int idx, double x, double y)"
swmm_spatial_set_link_vertices,openswmm_spatial.h,True,True,True,set_link_vertices,set_link_vertices,"int swmm_spatial_set_link_vertices(SWMM_Engine engine, int idx, const double* x, const double* y, int count)"
swmm_spatial_set_node_coord,openswmm_spatial.h,True,True,True,set_node_coord,set_node_coord,"int swmm_spatial_set_node_coord(SWMM_Engine engine, int idx, double x, double y)"
swmm_spatial_set_node_coords_bulk,openswmm_spatial.h,True,True,False,set_node_coords,,"int swmm_spatial_set_node_coords_bulk(SWMM_Engine engine, const double* x_buf, const double* y_buf, int count)"
swmm_spatial_set_subcatch_coord,openswmm_spatial.h,True,True,True,set_subcatchment_coord,set_subcatchment_coord,"int swmm_spatial_set_subcatch_coord(SWMM_Engine engine, int idx, double x, double y)"
swmm_spatial_set_subcatch_polygon,openswmm_spatial.h,True,True,True,set_subcatchment_polygon,set_subcatchment_polygon,"int swmm_spatial_set_subcatch_polygon(SWMM_Engine engine, int idx, const double* x, const double* y, int count)"
swmm_stat_link_max_filling,openswmm_statistics.h,True,True,False,link_max_filling_at,,"int swmm_stat_link_max_filling(SWMM_Engine engine, int idx, double* val)"
swmm_stat_link_max_filling_bulk,openswmm_statistics.h,True,False,True,link_max_filling,link_max_filling,"int swmm_stat_link_max_filling_bulk(SWMM_Engine engine, double* buf, int count)"
swmm_stat_link_max_flow,openswmm_statistics.h,True,True,False,link_max_flow_at,,"int swmm_stat_link_max_flow(SWMM_Engine engine, int idx, double* val)"
swmm_stat_link_max_flow_bulk,openswmm_statistics.h,True,False,True,link_max_flow,link_max_flow,"int swmm_stat_link_max_flow_bulk(SWMM_Engine engine, double* buf, int count)"
swmm_stat_link_max_velocity,openswmm_statistics.h,True,True,False,link_max_velocity_at,,"int swmm_stat_link_max_velocity(SWMM_Engine engine, int idx, double* val)"
swmm_stat_link_max_velocity_bulk,openswmm_statistics.h,True,False,True,link_max_velocity,link_max_velocity,"int swmm_stat_link_max_velocity_bulk(SWMM_Engine engine, double* buf, int count)"
swmm_stat_link_surcharge_time,openswmm_statistics.h,True,True,False,link_surcharge_time_at,,"int swmm_stat_link_surcharge_time(SWMM_Engine engine, int idx, double* val)"
swmm_stat_link_surcharge_time_bulk,openswmm_statistics.h,True,False,True,link_surcharge_time,link_surcharge_time,"int swmm_stat_link_surcharge_time_bulk(SWMM_Engine engine, double* buf, int count)"
swmm_stat_link_vol_flow,openswmm_statistics.h,True,True,False,link_vol_flow_at,,"int swmm_stat_link_vol_flow(SWMM_Engine engine, int idx, double* val)"
swmm_stat_link_vol_flow_bulk,openswmm_statistics.h,True,False,True,link_vol_flow,link_vol_flow,"int swmm_stat_link_vol_flow_bulk(SWMM_Engine engine, double* buf, int count)"
swmm_stat_node_max_depth,openswmm_statistics.h,True,True,False,node_max_depth_at,,"int swmm_stat_node_max_depth(SWMM_Engine engine, int idx, double* val)"
swmm_stat_node_max_depth_bulk,openswmm_statistics.h,True,False,True,node_max_depth,node_max_depth,"int swmm_stat_node_max_depth_bulk(SWMM_Engine engine, double* buf, int count)"
swmm_stat_node_max_overflow,openswmm_statistics.h,True,True,False,node_max_overflow_at,,"int swmm_stat_node_max_overflow(SWMM_Engine engine, int idx, double* val)"
swmm_stat_node_max_overflow_bulk,openswmm_statistics.h,True,False,True,node_max_overflow,node_max_overflow,"int swmm_stat_node_max_overflow_bulk(SWMM_Engine engine, double* buf, int count)"
swmm_stat_node_time_flooded,openswmm_statistics.h,True,True,False,node_time_flooded_at,,"int swmm_stat_node_time_flooded(SWMM_Engine engine, int idx, double* val)"
swmm_stat_node_time_flooded_bulk,openswmm_statistics.h,True,False,True,node_time_flooded,node_time_flooded,"int swmm_stat_node_time_flooded_bulk(SWMM_Engine engine, double* buf, int count)"
swmm_stat_node_vol_flooded,openswmm_statistics.h,True,True,False,node_vol_flooded_at,,"int swmm_stat_node_vol_flooded(SWMM_Engine engine, int idx, double* val)"
swmm_stat_node_vol_flooded_bulk,openswmm_statistics.h,True,False,True,node_vol_flooded,node_vol_flooded,"int swmm_stat_node_vol_flooded_bulk(SWMM_Engine engine, double* buf, int count)"
swmm_stat_subcatch_max_runoff,openswmm_statistics.h,True,True,False,subcatchment_max_runoff_at,,"int swmm_stat_subcatch_max_runoff(SWMM_Engine engine, int idx, double* val)"
swmm_stat_subcatch_max_runoff_bulk,openswmm_statistics.h,True,False,True,subcatchment_max_runoff,subcatchment_max_runoff,"int swmm_stat_subcatch_max_runoff_bulk(SWMM_Engine engine, double* buf, int count)"
swmm_stat_subcatch_precip,openswmm_statistics.h,True,False,False,subcatchment_precip,,"int swmm_stat_subcatch_precip(SWMM_Engine engine, int idx, double* val)"
swmm_stat_subcatch_runoff_vol,openswmm_statistics.h,True,True,False,subcatchment_runoff_vol_at,,"int swmm_stat_subcatch_runoff_vol(SWMM_Engine engine, int idx, double* val)"
swmm_stat_subcatch_runoff_vol_bulk,openswmm_statistics.h,True,False,True,subcatchment_runoff_vol,subcatchment_runoff_vol,"int swmm_stat_subcatch_runoff_vol_bulk(SWMM_Engine engine, double* buf, int count)"
swmm_street_add,openswmm_infrastructure.h,True,True,True,add,add,"int swmm_street_add(SWMM_Engine engine, const char* id)"
swmm_street_count,openswmm_infrastructure.h,True,True,False,__len__,,int swmm_street_count(SWMM_Engine engine)
swmm_street_get_params,openswmm_infrastructure.h,True,True,False,get_params,,"int swmm_street_get_params(SWMM_Engine engine, int idx, double* t_crown, double* h_curb, double* sx, double* n_road, double* gutter_depres, double* gutter_width, int* sides, double* back_width, double* back_slope, double* back_n)"
swmm_street_id,openswmm_infrastructure.h,True,True,True,get_id,get_id,"const char* swmm_street_id(SWMM_Engine engine, int idx)"
swmm_street_index,openswmm_infrastructure.h,True,True,True,get_index,get_index,"int swmm_street_index(SWMM_Engine engine, const char* id)"
swmm_street_set_params,openswmm_infrastructure.h,True,True,True,set_params,set_params,"int swmm_street_set_params(SWMM_Engine engine, int idx, double t_crown, double h_curb, double sx, double n_road, double gutter_depres, double gutter_width, int sides, double back_width, double back_slope, double back_n)"
swmm_subcatch_add,openswmm_subcatchments.h,True,True,True,add;add_subcatchment,add;add_subcatchment,"int swmm_subcatch_add(SWMM_Engine engine, const char* id)"
swmm_subcatch_analyze_impact,openswmm_edit.h,True,True,True,analyze_subcatch_impact,analyze_subcatch_impact,"int swmm_subcatch_analyze_impact( SWMM_Engine engine, int idx, SWMM_ImpactReport* report_out)"
swmm_subcatch_count,openswmm_subcatchments.h,True,True,True,__iter__;__len__;_ids_list;evaps;infils;qualities;rainfalls;runoffs;snow_depths;subcatch_count;subcatchment_max_runoff;subcatchment_precip;subcatchment_runoff_vol,qualities;runoffs;subcatch_count;subcatchment_max_runoff;subcatchment_runoff_vol,int swmm_subcatch_count(SWMM_Engine engine)
swmm_subcatch_delete,openswmm_edit.h,True,True,True,delete_subcatch,delete_subcatch,"int swmm_subcatch_delete( SWMM_Engine engine, int idx, SWMM_ImpactReport* cascade_out)"
swmm_subcatch_get_area,openswmm_subcatchments.h,True,False,True,area,area,"int swmm_subcatch_get_area(SWMM_Engine engine, int idx, double* area)"
swmm_subcatch_get_coverage,openswmm_subcatchments.h,True,True,True,__getitem__,__getitem__,"int swmm_subcatch_get_coverage(SWMM_Engine engine, int sc_idx, int lu_idx, double* fraction)"
swmm_subcatch_get_ds_imperv,openswmm_subcatchments.h,True,False,True,ds_imperv,ds_imperv,"int swmm_subcatch_get_ds_imperv(SWMM_Engine engine, int idx, double* ds)"
swmm_subcatch_get_ds_perv,openswmm_subcatchments.h,True,False,True,ds_perv,ds_perv,"int swmm_subcatch_get_ds_perv(SWMM_Engine engine, int idx, double* ds)"
swmm_subcatch_get_evap,openswmm_subcatchments.h,True,False,True,evap,evap,"int swmm_subcatch_get_evap(SWMM_Engine engine, int idx, double* evap)"
swmm_subcatch_get_evap_bulk,openswmm_subcatchments.h,True,False,False,evaps,,"int swmm_subcatch_get_evap_bulk(SWMM_Engine engine, double* buf, int count)"
swmm_subcatch_get_gage,openswmm_subcatchments.h,True,False,True,gage,gage,"int swmm_subcatch_get_gage(SWMM_Engine engine, int idx, int* gage_idx)"
swmm_subcatch_get_groundwater,openswmm_subcatchments.h,True,False,True,groundwater,groundwater,"int swmm_subcatch_get_groundwater(SWMM_Engine engine, int idx, double* gw_flow)"
swmm_subcatch_get_gw_state,openswmm_subcatchments.h,True,True,True,get_gw_state,get_gw_state,"int swmm_subcatch_get_gw_state(SWMM_Engine engine, int idx, double* theta, double* lower_depth)"
swmm_subcatch_get_ids_bulk,openswmm_subcatchments.h,True,False,False,_ids_list,,"int swmm_subcatch_get_ids_bulk(SWMM_Engine engine, char* buf, int stride, int count)"
swmm_subcatch_get_imperv_pct,openswmm_subcatchments.h,True,False,True,imperv_pct,imperv_pct,"int swmm_subcatch_get_imperv_pct(SWMM_Engine engine, int idx, double* pct)"
swmm_subcatch_get_infil,openswmm_subcatchments.h,True,False,True,infil,infil,"int swmm_subcatch_get_infil(SWMM_Engine engine, int idx, double* infil)"
swmm_subcatch_get_infil_bulk,openswmm_subcatchments.h,True,False,False,infils,,"int swmm_subcatch_get_infil_bulk(SWMM_Engine engine, double* buf, int count)"
swmm_subcatch_get_infil_curve_number,openswmm_subcatchments.h,True,False,True,curve_number,curve_number,"int swmm_subcatch_get_infil_curve_number(SWMM_Engine engine, int idx, double* cn)"
swmm_subcatch_get_infil_green_ampt,openswmm_subcatchments.h,True,False,True,green_ampt,green_ampt,"int swmm_subcatch_get_infil_green_ampt(SWMM_Engine engine, int idx, double* suction, double* conductivity, double* deficit)"
swmm_subcatch_get_infil_horton,openswmm_subcatchments.h,True,False,True,horton,horton,"int swmm_subcatch_get_infil_horton(SWMM_Engine engine, int idx, double* f0, double* fmin, double* decay, double* dry_time)"
swmm_subcatch_get_infil_model,openswmm_subcatchments.h,True,False,True,model,model,"int swmm_subcatch_get_infil_model(SWMM_Engine engine, int idx, int* model)"
swmm_subcatch_get_n_imperv,openswmm_subcatchments.h,True,False,True,n_imperv,n_imperv,"int swmm_subcatch_get_n_imperv(SWMM_Engine engine, int idx, double* n)"
swmm_subcatch_get_n_perv,openswmm_subcatchments.h,True,False,True,n_perv,n_perv,"int swmm_subcatch_get_n_perv(SWMM_Engine engine, int idx, double* n)"
swmm_subcatch_get_outlet,openswmm_subcatchments.h,True,False,True,outlet,outlet,"int swmm_subcatch_get_outlet(SWMM_Engine engine, int idx, int* node_idx)"
swmm_subcatch_get_outlet_subcatch,openswmm_subcatchments.h,True,False,True,outlet,outlet,"int swmm_subcatch_get_outlet_subcatch(SWMM_Engine engine, int idx, int* sc_idx)"
swmm_subcatch_get_ponded_quality,openswmm_subcatchments.h,True,True,True,ponded_quality,ponded_quality,"int swmm_subcatch_get_ponded_quality(SWMM_Engine engine, int subcatch_idx, int pollutant_idx, double* mass)"
swmm_subcatch_get_quality,openswmm_subcatchments.h,True,True,True,quality,quality,"int swmm_subcatch_get_quality(SWMM_Engine engine, int subcatch_idx, int pollutant_idx, double* conc)"
swmm_subcatch_get_quality_bulk,openswmm_subcatchments.h,True,True,True,qualities,qualities,"int swmm_subcatch_get_quality_bulk(SWMM_Engine engine, int pollutant_idx, double* buf, int count)"
swmm_subcatch_get_rainfall,openswmm_subcatchments.h,True,False,True,rainfall,rainfall,"int swmm_subcatch_get_rainfall(SWMM_Engine engine, int idx, double* rainfall)"
swmm_subcatch_get_rainfall_bulk,openswmm_subcatchments.h,True,False,False,rainfalls,,"int swmm_subcatch_get_rainfall_bulk(SWMM_Engine engine, double* buf, int count)"
swmm_subcatch_get_runoff,openswmm_subcatchments.h,True,False,True,runoff,runoff,"int swmm_subcatch_get_runoff(SWMM_Engine engine, int idx, double* runoff)"
swmm_subcatch_get_runoff_bulk,openswmm_subcatchments.h,True,False,True,runoffs,runoffs,"int swmm_subcatch_get_runoff_bulk(SWMM_Engine engine, double* buf, int count)"
swmm_subcatch_get_slope,openswmm_subcatchments.h,True,False,True,slope,slope,"int swmm_subcatch_get_slope(SWMM_Engine engine, int idx, double* s)"
swmm_subcatch_get_snow_depth,openswmm_subcatchments.h,True,False,True,snow_depth,snow_depth,"int swmm_subcatch_get_snow_depth(SWMM_Engine engine, int idx, double* depth)"
swmm_subcatch_get_snow_depth_bulk,openswmm_subcatchments.h,True,False,False,snow_depths,,"int swmm_subcatch_get_snow_depth_bulk(SWMM_Engine engine, double* buf, int count)"
swmm_subcatch_get_snow_state,openswmm_subcatchments.h,True,True,True,get_snow_state,get_snow_state,"int swmm_subcatch_get_snow_state(SWMM_Engine engine, int idx, int surface, double* swe, double* fw, double* ati, double* coldc)"
swmm_subcatch_get_stat_max_runoff,openswmm_subcatchments.h,True,False,True,max_runoff,max_runoff,"int swmm_subcatch_get_stat_max_runoff(SWMM_Engine engine, int idx, double* rate)"
swmm_subcatch_get_stat_precip,openswmm_subcatchments.h,True,False,True,precip,precip,"int swmm_subcatch_get_stat_precip(SWMM_Engine engine, int idx, double* vol)"
swmm_subcatch_get_stat_runoff_vol,openswmm_subcatchments.h,True,False,True,runoff_vol,runoff_vol,"int swmm_subcatch_get_stat_runoff_vol(SWMM_Engine engine, int idx, double* vol)"
swmm_subcatch_get_tag,openswmm_subcatchments.h,True,False,False,tag,,"int swmm_subcatch_get_tag(SWMM_Engine engine, int idx, char* buf, int buflen)"
swmm_subcatch_get_width,openswmm_subcatchments.h,True,False,True,width,width,"int swmm_subcatch_get_width(SWMM_Engine engine, int idx, double* w)"
swmm_subcatch_id,openswmm_subcatchments.h,True,True,True,__init__;get_id;id,__init__;get_id;id,"const char* swmm_subcatch_id(SWMM_Engine engine, int idx)"
swmm_subcatch_index,openswmm_subcatchments.h,True,True,True,__init__;add;get_index,__init__;add;get_index,"int swmm_subcatch_index(SWMM_Engine engine, const char* id)"
swmm_subcatch_rename,openswmm_subcatchments.h,True,True,True,rename,rename,"int swmm_subcatch_rename(SWMM_Engine engine, int idx, const char* newId)"
swmm_subcatch_set_area,openswmm_subcatchments.h,True,False,True,area,area,"int swmm_subcatch_set_area(SWMM_Engine engine, int idx, double area)"
swmm_subcatch_set_coverage,openswmm_subcatchments.h,True,True,True,__setitem__,__setitem__,"int swmm_subcatch_set_coverage(SWMM_Engine engine, int sc_idx, int lu_idx, double fraction)"
swmm_subcatch_set_ds_imperv,openswmm_subcatchments.h,True,False,True,ds_imperv,ds_imperv,"int swmm_subcatch_set_ds_imperv(SWMM_Engine engine, int idx, double ds)"
swmm_subcatch_set_ds_perv,openswmm_subcatchments.h,True,False,True,ds_perv,ds_perv,"int swmm_subcatch_set_ds_perv(SWMM_Engine engine, int idx, double ds)"
swmm_subcatch_set_gage,openswmm_subcatchments.h,True,False,True,gage,gage,"int swmm_subcatch_set_gage(SWMM_Engine engine, int idx, int gage_idx)"
swmm_subcatch_set_gw_state,openswmm_subcatchments.h,True,True,True,set_gw_state,set_gw_state,"int swmm_subcatch_set_gw_state(SWMM_Engine engine, int idx, double theta, double lower_depth)"
swmm_subcatch_set_imperv_pct,openswmm_subcatchments.h,True,False,True,imperv_pct,imperv_pct,"int swmm_subcatch_set_imperv_pct(SWMM_Engine engine, int idx, double pct)"
swmm_subcatch_set_infil_curve_number,openswmm_subcatchments.h,True,True,True,set_curve_number,set_curve_number,"int swmm_subcatch_set_infil_curve_number(SWMM_Engine engine, int idx, double cn)"
swmm_subcatch_set_infil_green_ampt,openswmm_subcatchments.h,True,True,True,set_green_ampt,set_green_ampt,"int swmm_subcatch_set_infil_green_ampt(SWMM_Engine engine, int idx, double suction, double conductivity, double initial_deficit)"
swmm_subcatch_set_infil_horton,openswmm_subcatchments.h,True,True,True,set_horton,set_horton,"int swmm_subcatch_set_infil_horton(SWMM_Engine engine, int idx, double f0, double fmin, double decay, double dry_time)"
swmm_subcatch_set_n_imperv,openswmm_subcatchments.h,True,False,True,n_imperv,n_imperv,"int swmm_subcatch_set_n_imperv(SWMM_Engine engine, int idx, double n)"
swmm_subcatch_set_n_perv,openswmm_subcatchments.h,True,False,True,n_perv,n_perv,"int swmm_subcatch_set_n_perv(SWMM_Engine engine, int idx, double n)"
swmm_subcatch_set_outlet,openswmm_subcatchments.h,True,True,True,set_outlet_node,set_outlet_node,"int swmm_subcatch_set_outlet(SWMM_Engine engine, int idx, int node_idx)"
swmm_subcatch_set_outlet_subcatch,openswmm_subcatchments.h,True,True,False,set_outlet_subcatchment,,"int swmm_subcatch_set_outlet_subcatch(SWMM_Engine engine, int idx, int sc_idx)"
swmm_subcatch_set_ponded_quality,openswmm_subcatchments.h,True,True,True,set_ponded_quality,set_ponded_quality,"int swmm_subcatch_set_ponded_quality(SWMM_Engine engine, int subcatch_idx, int pollutant_idx, double mass)"
swmm_subcatch_set_rainfall,openswmm_subcatchments.h,True,False,True,rainfall,rainfall,"int swmm_subcatch_set_rainfall(SWMM_Engine engine, int idx, double rainfall)"
swmm_subcatch_set_slope,openswmm_subcatchments.h,True,False,True,slope,slope,"int swmm_subcatch_set_slope(SWMM_Engine engine, int idx, double slope)"
swmm_subcatch_set_snow_state,openswmm_subcatchments.h,True,True,True,set_snow_state,set_snow_state,"int swmm_subcatch_set_snow_state(SWMM_Engine engine, int idx, int surface, double swe, double fw, double ati, double coldc)"
swmm_subcatch_set_tag,openswmm_subcatchments.h,True,False,False,tag,,"int swmm_subcatch_set_tag(SWMM_Engine engine, int idx, const char* tag)"
swmm_subcatch_set_width,openswmm_subcatchments.h,True,False,True,width,width,"int swmm_subcatch_set_width(SWMM_Engine engine, int idx, double width)"
swmm_table_add_point,openswmm_tables.h,True,True,True,add_point,add_point,"int swmm_table_add_point(SWMM_Engine engine, int idx, double x, double y)"
swmm_table_analyze_impact,openswmm_edit.h,True,True,True,analyze_table_impact,analyze_table_impact,"int swmm_table_analyze_impact( SWMM_Engine engine, int idx, SWMM_ImpactReport* report_out)"
swmm_table_clear,openswmm_tables.h,True,True,True,clear,clear,"int swmm_table_clear(SWMM_Engine engine, int idx)"
swmm_table_count,openswmm_tables.h,True,True,False,__iter__;__len__;table_count,,int swmm_table_count(SWMM_Engine engine)
swmm_table_delete,openswmm_edit.h,True,True,True,delete_table,delete_table,"int swmm_table_delete( SWMM_Engine engine, int idx, SWMM_ImpactReport* cascade_out)"
swmm_table_get_point,openswmm_tables.h,True,False,False,_raw_points,,"int swmm_table_get_point(SWMM_Engine engine, int idx, int pt_idx, double* x, double* y)"
swmm_table_get_point_count,openswmm_tables.h,True,True,False,__len__;_raw_points,,"int swmm_table_get_point_count(SWMM_Engine engine, int idx, int* count)"
swmm_table_get_type,openswmm_tables.h,True,True,True,get_type,get_type,"int swmm_table_get_type(SWMM_Engine engine, int idx, int* type)"
swmm_table_id,openswmm_tables.h,True,True,True,__init__;get_id;id,__init__;get_id;id,"const char* swmm_table_id(SWMM_Engine engine, int idx)"
swmm_table_index,openswmm_tables.h,True,True,True,__init__;add_curve;add_timeseries;get_index,__init__;add_curve;add_timeseries;get_index,"int swmm_table_index(SWMM_Engine engine, const char* id)"
swmm_table_lookup,openswmm_tables.h,True,True,True,lookup,lookup,"int swmm_table_lookup(SWMM_Engine engine, int idx, double x, double* y)"
swmm_timeseries_add,openswmm_tables.h,True,True,True,add_timeseries,add_timeseries,"int swmm_timeseries_add(SWMM_Engine engine, const char* id)"
swmm_title_add_line,openswmm_model.h,True,True,True,add_title_line,add_title_line,"int swmm_title_add_line(SWMM_Engine engine, const char* line)"
swmm_title_clear,openswmm_model.h,True,True,True,clear_title,clear_title,int swmm_title_clear(SWMM_Engine engine)
swmm_title_get_count,openswmm_model.h,True,True,True,get_title_count,get_title_count,"int swmm_title_get_count(SWMM_Engine engine, int* count)"
swmm_title_get_line,openswmm_model.h,True,True,True,get_title_line,get_title_line,"int swmm_title_get_line( SWMM_Engine engine, int index, char* buf, int buflen )"
swmm_title_set,openswmm_model.h,True,True,True,set_title,set_title,"int swmm_title_set(SWMM_Engine engine, const char* text)"
swmm_transect_add,openswmm_infrastructure.h,True,True,True,add,add,"int swmm_transect_add(SWMM_Engine engine, const char* id)"
swmm_transect_add_station,openswmm_infrastructure.h,True,True,True,add_station,add_station,"int swmm_transect_add_station(SWMM_Engine engine, int idx, double station, double elevation)"
swmm_transect_analyze_impact,openswmm_edit.h,True,True,True,analyze_transect_impact,analyze_transect_impact,"int swmm_transect_analyze_impact( SWMM_Engine engine, int idx, SWMM_ImpactReport* report_out)"
swmm_transect_clear_stations,openswmm_infrastructure.h,True,True,False,clear_stations,,"int swmm_transect_clear_stations(SWMM_Engine engine, int idx)"
swmm_transect_count,openswmm_infrastructure.h,True,True,False,__len__,,int swmm_transect_count(SWMM_Engine engine)
swmm_transect_delete,openswmm_edit.h,True,True,True,delete_transect,delete_transect,"int swmm_transect_delete( SWMM_Engine engine, int idx, SWMM_ImpactReport* cascade_out)"
swmm_transect_get_bank_stations,openswmm_infrastructure.h,True,True,False,get_bank_stations,,"int swmm_transect_get_bank_stations(SWMM_Engine engine, int idx, double* x_left, double* x_right)"
swmm_transect_get_comments,openswmm_infrastructure.h,True,True,False,get_comments,,"int swmm_transect_get_comments(SWMM_Engine engine, int idx, char* buf, int buflen)"
swmm_transect_get_encroachment_stations,openswmm_infrastructure.h,True,True,False,get_encroachment_stations,,"int swmm_transect_get_encroachment_stations(SWMM_Engine engine, int idx, double* x_left, double* x_right)"
swmm_transect_get_modifiers,openswmm_infrastructure.h,True,True,False,get_modifiers,,"int swmm_transect_get_modifiers(SWMM_Engine engine, int idx, double* x_factor, double* y_factor, double* length_factor)"
swmm_transect_get_roughness,openswmm_infrastructure.h,True,True,False,get_roughness,,"int swmm_transect_get_roughness(SWMM_Engine engine, int idx, double* n_left, double* n_right, double* n_channel)"
swmm_transect_get_station,openswmm_infrastructure.h,True,True,False,get_station,,"int swmm_transect_get_station(SWMM_Engine engine, int idx, int station_idx, double* station, double* elevation)"
swmm_transect_get_station_count,openswmm_infrastructure.h,True,True,False,station_count,,"int swmm_transect_get_station_count(SWMM_Engine engine, int idx)"
swmm_transect_id,openswmm_infrastructure.h,True,True,True,get_id,get_id,"const char* swmm_transect_id(SWMM_Engine engine, int idx)"
swmm_transect_index,openswmm_infrastructure.h,True,True,True,get_index,get_index,"int swmm_transect_index(SWMM_Engine engine, const char* id)"
swmm_transect_remove,openswmm_infrastructure.h,True,True,False,remove,,"int swmm_transect_remove(SWMM_Engine engine, int idx)"
swmm_transect_rename,openswmm_infrastructure.h,True,True,True,rename,rename,"int swmm_transect_rename(SWMM_Engine engine, int idx, const char* new_id)"
swmm_transect_set_bank_stations,openswmm_infrastructure.h,True,True,False,set_bank_stations,,"int swmm_transect_set_bank_stations(SWMM_Engine engine, int idx, double x_left, double x_right)"
swmm_transect_set_comments,openswmm_infrastructure.h,True,True,False,set_comments,,"int swmm_transect_set_comments(SWMM_Engine engine, int idx, const char* text)"
swmm_transect_set_encroachment_stations,openswmm_infrastructure.h,True,True,False,set_encroachment_stations,,"int swmm_transect_set_encroachment_stations(SWMM_Engine engine, int idx, double x_left, double x_right)"
swmm_transect_set_modifiers,openswmm_infrastructure.h,True,True,False,set_modifiers,,"int swmm_transect_set_modifiers(SWMM_Engine engine, int idx, double x_factor, double y_factor, double length_factor)"
swmm_transect_set_roughness,openswmm_infrastructure.h,True,True,True,set_roughness,set_roughness,"int swmm_transect_set_roughness(SWMM_Engine engine, int idx, double n_left, double n_right, double n_channel)"
swmm_treatment_clear,openswmm_quality.h,True,True,True,clear_treatment,clear_treatment,"int swmm_treatment_clear(SWMM_Engine engine, int node_idx, int pollut_idx)"
swmm_treatment_get,openswmm_quality.h,True,True,True,get_treatment,get_treatment,"int swmm_treatment_get(SWMM_Engine engine, int node_idx, int pollut_idx, char* buf, int buflen)"
swmm_treatment_set,openswmm_quality.h,True,True,True,set_treatment,set_treatment,"int swmm_treatment_set(SWMM_Engine engine, int node_idx, int pollut_idx, const char* expression)"
swmm_userflag_def_count,openswmm_model.h,True,True,True,__len__;definitions;userflag_def_count,definitions;userflag_def_count,"int swmm_userflag_def_count(SWMM_Engine engine, int* count)"
swmm_userflag_def_get,openswmm_model.h,True,True,True,definitions;get_userflag_def,definitions;get_userflag_def,"int swmm_userflag_def_get( SWMM_Engine engine, int index, char* name_buf, int name_buflen, int* type, char* desc_buf, int desc_buflen )"
swmm_userflag_define,openswmm_model.h,True,True,True,__setitem__;define;define_userflag,__setitem__;define;define_userflag,"int swmm_userflag_define( SWMM_Engine engine, const char* name, int type, const char* description )"
swmm_userflag_get_bool,openswmm_model.h,True,True,True,__getitem__;get_userflag_bool,__getitem__;get_userflag_bool,"int swmm_userflag_get_bool(SWMM_Engine engine, const char* name, int* value)"
swmm_userflag_get_int,openswmm_model.h,True,True,True,__getitem__;get_userflag_int,__getitem__;get_userflag_int,"int swmm_userflag_get_int (SWMM_Engine engine, const char* name, int* value)"
swmm_userflag_get_real,openswmm_model.h,True,True,True,__getitem__;get_userflag_real,__getitem__;get_userflag_real,"int swmm_userflag_get_real(SWMM_Engine engine, const char* name, double* value)"
swmm_userflag_set_bool,openswmm_model.h,True,True,True,__setitem__;set_userflag_bool,__setitem__;set_userflag_bool,"int swmm_userflag_set_bool(SWMM_Engine engine, const char* name, int value)"
swmm_userflag_set_int,openswmm_model.h,True,True,True,__setitem__;set_userflag_int,__setitem__;set_userflag_int,"int swmm_userflag_set_int (SWMM_Engine engine, const char* name, int value)"
swmm_userflag_set_real,openswmm_model.h,True,True,True,__setitem__;set_userflag_real,__setitem__;set_userflag_real,"int swmm_userflag_set_real(SWMM_Engine engine, const char* name, double value)"
swmm_userflag_undefine,openswmm_model.h,True,True,True,__delitem__;_options_ext_set;undefine;undefine_userflag,undefine;undefine_userflag,"int swmm_userflag_undefine(SWMM_Engine engine, const char* name)"
swmm_userflag_value_clear,openswmm_model.h,True,True,True,clear_userflag_value;clear_value,clear_userflag_value;clear_value,"int swmm_userflag_value_clear( SWMM_Engine engine, const char* obj_type, const char* obj_name, const char* flag_name )"
swmm_userflag_value_get,openswmm_model.h,True,True,True,__getitem__;get_userflag_value;get_value,__getitem__;get_userflag_value;get_value,"int swmm_userflag_value_get( SWMM_Engine engine, const char* obj_type, const char* obj_name, const char* flag_name, char* buf, int buflen, int* found )"
swmm_userflag_value_set,openswmm_model.h,True,True,True,__setitem__;set_userflag_value;set_value,__setitem__;set_userflag_value;set_value,"int swmm_userflag_value_set( SWMM_Engine engine, const char* obj_type, const char* obj_name, const char* flag_name, const char* value )"
swmm_validate_model,openswmm_model.h,True,True,True,validate,validate,int swmm_validate_model(SWMM_Engine engine)
swmm_washoff_get,openswmm_quality.h,True,True,True,get_washoff,get_washoff,"int swmm_washoff_get(SWMM_Engine engine, int lu_idx, int pollut_idx, int* func_type, double* coeff, double* expon, double* sweep_effic, double* bmp_effic)"
swmm_washoff_set,openswmm_quality.h,True,True,True,set_washoff,set_washoff,"int swmm_washoff_set(SWMM_Engine engine, int lu_idx, int pollut_idx, int func_type, double coeff, double expon, double sweep_effic, double bmp_effic)"
